date,mean_temp,mean_dewpt,mean_pressure,max_temp,min_temp,max_humidity,min_humidity,max_dewpt,min_dewpt,max_pressure,min_pressure,precip_probability,precip_intensity
2017-12-31,-0.9675000000000001,-8.78,1029.92,6.43,-7.77,0.75,0.58,-5.29,-13.89,1031.52,1025.8,0.0,0.0
2017-12-30,11.46875,5.29,1016.68,19.77,1.03,0.84,0.67,11.79,-5.99,1024.7,1012.23,0.0,0.0
2017-12-29,7.884166666666666,0.51,1026.06,15.34,2.45,0.82,0.62,8.4,-7.03,1032.26,1021.23,0.0,0.0
2017-12-28,0.5674999999999999,-9.75,1037.66,8.55,-8.02,0.68,0.53,-4.64,-15.89,1040.05,1032.95,0.0,0.0
2017-12-27,5.65125,-2.96,1033.72,12.73,-1.57,0.78,0.55,0.65,-10.23,1037.53,1030.45,0.0,0.0
2017-12-26,10.685416666666669,0.42,1027.14,14.27,5.85,0.69,0.55,3.55,-2.15,1030.92,1020.97,0.0,0.0
2017-12-25,22.05,14.11,1011.13,26.47,14.6,0.88,0.55,20.8,4.09,1020.44,1003.3,0.0,0.0
2017-12-24,26.249166666666667,20.06,1019.57,29.18,20.97,0.88,0.66,23.63,15.66,1024.83,1007.53,0.0,0.0
2017-12-23,26.322083333333335,22.83,1014.33,31.58,21.84,0.92,0.78,27.92,18.92,1019.67,1010.2,0.2,0.0003
2017-12-22,22.464583333333334,18.41,1019.59,23.92,20.14,0.87,0.81,20.12,16.42,1023.19,1017.68,0.27,0.0004
2017-12-21,23.72375,14.97,1023.85,25.97,21.24,0.85,0.64,19.3,11.49,1025.49,1020.76,0.0,0.0
2017-12-20,30.853749999999994,21.36,1015.5,36.55,25.46,0.78,0.61,28.62,15.73,1020.76,1007.9,0.0,0.0
2017-12-19,40.052916666666675,34.28,1006.04,43.35,37.19,0.93,0.68,37.28,27.8,1008.54,1003.81,0.33,0.0008
2017-12-18,29.272500000000004,26.21,1013.19,37.27,20.48,0.93,0.8,35.38,15.32,1019.37,1008.98,0.32,0.0008
2017-12-17,13.684583333333334,6.03,1024.97,19.35,5.29,0.77,0.58,12.19,-0.36,1028.05,1020.07,0.0,0.0
2017-12-16,20.4575,11.79,1016.22,24.56,13.39,0.78,0.55,16.68,7.01,1024.3,1008.85,0.0,0.0
2017-12-15,19.28125,13.78,1011.48,25.5,9.52,0.87,0.72,21.64,4.94,1016.78,1006.8,0.24,0.0001
2017-12-14,11.959583333333333,4.21,1011.75,19.98,3.95,0.79,0.58,9.44,-2.54,1017.4,1003.02,0.0,0.0
2017-12-13,12.748750000000001,4.64,1004.77,18.27,6.93,0.77,0.61,7.47,1.13,1007.4,1002.82,0.0,0.0
2017-12-12,22.47666666666667,16.43,1002.31,27.36,13.14,0.89,0.61,23.45,6.34,1006.29,1000.1,0.26,0.0009
2017-12-11,22.165000000000003,15.27,1014.06,25.48,16.47,0.89,0.6,21.71,9.59,1018.28,1007.56,0.08,0.0001
2017-12-10,28.545416666666664,20.91,1009.78,30.4,25.81,0.84,0.63,23.82,16.73,1011.98,1007.75,0.0,0.0
2017-12-09,31.65958333333333,20.82,1009.42,35.0,27.89,0.82,0.52,25.04,15.57,1011.61,1007.64,0.0,0.0
2017-12-08,30.090833333333332,17.49,1012.47,33.95,27.13,0.71,0.5,20.85,14.62,1014.29,1009.83,0.0,0.0
2017-12-07,31.138333333333325,20.09,1012.66,33.69,27.66,0.73,0.53,21.86,17.98,1014.39,1011.3,0.0,0.0
2017-12-06,34.010416666666664,18.82,1009.9,37.01,29.96,0.67,0.41,24.76,14.68,1011.64,1008.9,0.0,0.0
2017-12-05,45.23500000000001,38.39,1006.58,50.94,35.56,0.92,0.5,47.09,18.71,1011.67,1003.14,0.89,0.0101
2017-12-04,39.455416666666665,35.37,1021.52,47.24,29.97,0.95,0.7,39.89,28.02,1026.7,1012.58,0.0,0.0
2017-12-03,38.10916666666666,35.19,1021.77,44.68,33.61,0.96,0.82,39.9,30.5,1025.26,1020.26,0.0,0.0
2017-12-02,37.991249999999994,33.64,1022.56,45.01,32.99,0.91,0.72,36.48,29.81,1024.55,1020.7,0.0,0.0
2017-12-01,40.05624999999999,31.67,1022.48,44.41,33.53,0.85,0.57,34.53,29.18,1024.88,1016.6,0.0,0.0
2017-11-30,37.785833333333336,32.42,1015.97,43.07,30.7,0.9,0.75,39.57,24.25,1024.65,1009.18,1.0,0.0034
2017-11-29,41.15958333333334,30.56,1022.18,53.9,29.58,0.8,0.54,42.71,23.72,1028.24,1012.63,0.0,0.0
2017-11-28,45.495,33.35,1016.03,58.98,28.35,0.91,0.44,39.04,21.89,1022.4,1011.84,0.0,0.0
2017-11-27,33.16958333333334,23.7,1019.44,39.9,27.82,0.73,0.62,29.75,19.79,1023.51,1011.2,0.0,0.0
2017-11-26,34.51416666666666,25.28,1014.81,37.51,30.92,0.8,0.62,28.75,22.22,1019.48,1011.36,0.0,0.0
2017-11-25,45.634166666666665,35.39,1003.8,49.36,37.56,0.84,0.56,42.08,30.25,1011.83,998.81,0.72,0.001
2017-11-24,42.82,31.43,1008.28,48.99,35.35,0.73,0.57,35.8,25.7,1013.89,1001.2,0.0,0.0
2017-11-23,34.79,22.68,1017.03,38.37,29.85,0.7,0.5,26.55,20.59,1022.07,1013.23,0.0,0.0
2017-11-22,32.73875,23.08,1019.97,38.62,29.32,0.79,0.6,32.64,18.7,1023.91,1012.91,0.44,0.0001
2017-11-21,45.49291666666667,34.6,1007.51,51.25,39.67,0.8,0.55,37.37,32.59,1012.01,1004.7,0.0,0.0
2017-11-20,35.1725,27.88,1012.58,41.27,28.05,0.8,0.68,33.93,22.32,1014.93,1009.79,0.0,0.0
2017-11-19,34.32625000000001,28.37,1001.63,39.73,29.44,0.94,0.67,38.25,20.54,1010.71,986.91,0.71,0.0053
2017-11-18,42.326249999999995,38.92,998.35,46.03,37.68,0.95,0.75,44.48,30.84,1011.56,986.71,0.69,0.0119
2017-11-17,32.51666666666667,23.73,1021.56,37.11,27.1,0.76,0.59,29.69,19.36,1026.0,1012.97,0.0,0.0
2017-11-16,41.32083333333333,35.49,1009.36,46.31,32.49,0.93,0.71,43.98,25.4,1020.5,1002.14,0.77,0.0017
2017-11-15,40.257083333333334,34.69,1016.72,45.52,32.3,0.91,0.69,41.72,29.28,1025.88,1003.8,0.71,0.0017
2017-11-14,39.33791666666667,33.77,1027.61,43.83,33.59,0.88,0.69,35.47,29.95,1028.96,1025.88,0.0,0.0
2017-11-13,39.19541666666667,34.97,1028.22,41.77,36.71,0.9,0.75,36.68,32.25,1028.98,1027.3,0.32,0.0006
2017-11-12,37.22625,28.02,1028.04,41.45,32.09,0.74,0.61,32.3,22.13,1028.82,1027.16,0.12,0.0001
2017-11-11,25.882500000000004,16.66,1034.38,32.82,16.21,0.73,0.58,23.08,8.84,1038.27,1028.24,0.0,0.0
2017-11-10,20.393749999999997,9.5,1031.63,25.42,13.51,0.76,0.48,19.0,4.69,1036.98,1019.49,0.0,0.0
2017-11-09,37.19375,29.45,1016.1,46.9,27.47,0.83,0.6,35.52,20.81,1021.97,1010.1,0.78,0.0004
2017-11-08,38.557916666666664,27.92,1024.44,46.77,31.74,0.85,0.48,30.83,25.62,1026.36,1022.37,0.0,0.0
2017-11-07,40.052083333333336,30.18,1025.27,43.8,36.62,0.78,0.58,32.75,27.92,1026.5,1023.89,0.0,0.0
2017-11-06,45.50583333333333,36.25,1017.35,57.01,39.94,0.91,0.55,54.26,29.07,1024.52,1006.91,0.57,0.0008
2017-11-05,51.4552,49.24,1010.83,58.06,43.67,0.95,0.79,56.31,37.43,1017.85,1005.8,1.0,0.0105
2017-11-04,39.630416666666655,32.24,1025.98,44.25,34.09,0.84,0.66,36.3,28.93,1029.26,1018.81,0.0,0.0
2017-11-03,48.80416666666665,41.32,1020.54,57.45,38.33,0.92,0.56,55.03,32.23,1028.61,1012.98,0.57,0.003
2017-11-02,51.74166666666667,49.06,1015.23,58.06,43.03,0.94,0.87,54.38,39.85,1019.15,1013.6,0.92,0.0083
2017-11-01,41.96125,34.65,1021.36,45.81,38.85,0.88,0.63,39.35,32.15,1023.05,1019.19,0.59,0.0008
2017-10-31,42.43833333333334,33.38,1012.86,47.32,38.7,0.8,0.52,34.9,30.79,1020.99,1003.92,0.0,0.0
2017-10-30,44.74208333333334,35.54,997.68,48.47,41.99,0.77,0.57,37.76,32.71,1003.14,994.0,0.0,0.0
2017-10-29,42.997499999999995,36.72,1007.8,46.17,39.56,0.85,0.71,38.6,34.17,1011.5,999.9,0.0,0.0
2017-10-28,49.199166666666656,44.73,1008.68,55.76,40.73,0.9,0.75,49.7,34.62,1011.4,1007.18,0.76,0.0054
2017-10-27,47.9775,41.05,1011.52,57.64,36.96,0.89,0.62,48.99,33.83,1014.1,1009.15,0.0,0.0
2017-10-26,43.975,35.84,1011.67,52.41,35.84,0.89,0.53,39.0,32.49,1012.8,1009.51,0.0,0.0
2017-10-25,49.302083333333336,38.9,1005.19,53.23,43.06,0.78,0.53,43.88,36.18,1009.89,1002.65,0.0,0.0
2017-10-24,57.45250000000001,49.68,1001.82,62.28,53.43,0.92,0.62,57.73,43.39,1004.1,998.8,0.77,0.0058
2017-10-23,60.80125,55.04,1013.4,66.58,55.5,0.89,0.69,58.11,51.9,1019.58,1002.64,0.92,0.0071
2017-10-22,59.69291666666667,51.02,1022.9,72.18,48.81,0.87,0.55,55.48,45.17,1024.92,1019.91,0.0,0.0
2017-10-21,56.62,47.59,1023.68,69.13,45.14,0.86,0.61,55.02,39.08,1024.88,1021.71,0.0,0.0
2017-10-20,56.90041666666667,40.63,1021.82,67.79,45.95,0.74,0.4,44.03,34.89,1024.42,1018.91,0.0,0.0
2017-10-19,59.512916666666676,46.03,1016.73,70.01,50.97,0.84,0.41,52.17,35.19,1018.8,1014.51,0.0,0.0
2017-10-18,57.377083333333324,46.22,1021.58,68.71,45.85,0.87,0.45,51.81,41.89,1023.92,1019.1,0.0,0.0
2017-10-17,50.38291666666667,39.57,1021.43,65.63,34.31,0.87,0.44,46.56,30.64,1024.94,1017.22,0.0,0.0
2017-10-16,43.673750000000005,33.9,1022.15,48.47,36.35,0.84,0.5,38.6,30.61,1025.15,1015.48,0.0,0.0
2017-10-15,61.96999999999999,57.37,1007.4,72.21,47.77,0.95,0.67,65.62,39.93,1016.29,999.22,0.76,0.0095
2017-10-14,60.434583333333336,57.06,1021.23,65.8,55.58,0.94,0.79,59.85,52.98,1023.27,1017.61,0.74,0.0054
2017-10-13,59.59833333333333,55.43,1022.68,62.6,57.49,0.89,0.83,57.44,53.95,1024.17,1020.76,0.0,0.0
2017-10-12,52.92291666666667,46.49,1025.61,59.69,45.72,0.84,0.74,54.77,39.16,1026.91,1024.3,0.0,0.0
2017-10-11,50.41333333333333,42.38,1023.82,56.03,45.26,0.87,0.65,47.22,40.23,1025.67,1021.99,0.72,0.0049
2017-10-10,61.79458333333333,52.54,1019.61,72.32,53.37,0.96,0.45,60.03,44.05,1022.64,1016.28,0.0,0.0
2017-10-09,64.07791666666665,59.56,1011.46,71.54,59.65,0.94,0.7,61.54,56.81,1015.92,1008.89,0.76,0.01
2017-10-08,68.31166666666665,59.43,1008.1,74.46,63.19,0.88,0.55,64.03,57.15,1012.98,1001.0,0.76,0.0045
2017-10-07,67.37833333333333,61.8,1010.97,75.35,61.98,0.94,0.64,65.5,57.39,1016.04,1005.11,0.97,0.0054
2017-10-06,61.01375000000001,53.7,1017.76,66.66,55.81,0.89,0.63,56.4,47.9,1018.9,1016.44,0.9,0.001
2017-10-05,60.46291666666667,48.42,1019.49,72.01,49.19,0.91,0.37,53.85,42.54,1021.46,1016.6,0.0,0.0
2017-10-04,66.84208333333333,59.9,1021.95,75.47,58.43,0.85,0.7,66.49,52.66,1027.02,1017.2,0.75,0.0011
2017-10-03,61.100000000000016,53.03,1029.65,72.67,51.62,0.93,0.54,57.05,46.25,1031.76,1027.47,0.0,0.0
2017-10-02,54.63458333333333,45.46,1029.17,65.83,43.69,0.89,0.52,51.78,40.02,1030.44,1027.49,0.0,0.0
2017-10-01,51.52125,40.68,1028.74,62.94,39.81,0.88,0.48,43.81,36.21,1030.73,1026.33,0.0,0.0
2017-09-30,50.75875,40.07,1027.59,58.45,43.03,0.86,0.46,44.68,37.95,1030.12,1021.28,0.18,0.0001
2017-09-29,50.676666666666655,45.08,1016.33,58.44,43.51,0.89,0.71,53.85,37.9,1020.37,1011.9,0.88,0.0065
2017-09-28,57.86624999999999,44.82,1017.04,62.31,50.41,0.72,0.5,49.57,41.42,1018.77,1014.43,0.0,0.0
2017-09-27,71.76916666666666,62.23,1011.73,83.76,61.81,0.88,0.58,68.68,49.42,1014.17,1010.3,0.0,0.0
2017-09-26,76.87166666666668,67.63,1014.82,87.07,68.48,0.86,0.53,71.07,63.86,1016.26,1013.06,0.0,0.0
2017-09-25,77.71166666666666,65.95,1017.86,88.8,67.03,0.88,0.49,68.48,63.3,1019.39,1015.97,0.0,0.0
2017-09-24,78.13041666666668,66.58,1019.63,90.31,66.49,0.9,0.49,70.08,63.54,1021.28,1018.41,0.0,0.0
2017-09-23,74.48750000000003,61.03,1018.97,88.01,61.66,0.79,0.47,66.65,54.35,1020.29,1017.78,0.0,0.0
2017-09-22,71.09958333333334,58.98,1020.21,80.03,62.03,0.89,0.45,61.87,56.46,1021.38,1018.9,0.0,0.0
2017-09-21,70.90875,62.06,1019.53,80.03,61.81,0.9,0.58,66.17,57.93,1020.4,1017.48,0.0,0.0
2017-09-20,70.57375,64.35,1016.87,79.28,63.23,0.93,0.67,68.33,60.76,1017.78,1015.97,0.0,0.0
2017-09-19,71.81791666666665,66.28,1016.4,78.37,66.98,0.92,0.7,68.75,63.78,1017.47,1014.96,0.09,0.0002
2017-09-18,70.69666666666667,64.01,1017.85,79.64,62.38,0.92,0.61,68.26,59.73,1018.87,1016.64,0.0,0.0
2017-09-17,69.11416666666666,61.97,1020.01,79.38,59.43,0.91,0.6,67.01,56.76,1021.28,1018.17,0.0,0.0
2017-09-16,69.49791666666665,60.11,1021.55,80.03,60.01,0.92,0.52,65.03,57.66,1022.99,1020.64,0.0,0.0
2017-09-15,70.24249999999999,61.16,1018.0,78.22,61.96,0.86,0.59,64.1,57.71,1020.61,1014.39,0.0,0.0
2017-09-14,69.615,60.84,1010.85,79.99,58.76,0.89,0.59,64.55,55.58,1014.05,1008.84,0.0,0.0
2017-09-13,64.90291666666668,55.28,1010.64,76.07,52.37,0.88,0.55,59.97,48.51,1012.57,1008.56,0.0,0.0
2017-09-12,62.98,51.08,1016.7,74.96,50.41,0.9,0.47,54.45,46.98,1021.45,1012.91,0.0,0.0
2017-09-11,60.10416666666668,47.8,1026.55,72.49,47.85,0.86,0.42,52.02,43.71,1030.88,1021.59,0.0,0.0
2017-09-10,56.65166666666667,45.26,1031.78,67.01,45.96,0.88,0.46,48.3,41.76,1033.81,1030.62,0.0,0.0
2017-09-09,55.419999999999995,44.49,1029.58,64.5,45.28,0.88,0.49,46.84,42.02,1031.26,1026.48,0.0,0.0
2017-09-08,56.63083333333335,48.43,1019.65,64.44,50.83,0.9,0.55,50.91,46.69,1025.88,1014.02,0.0,0.0
2017-09-07,58.375,51.51,1010.85,64.5,51.85,0.9,0.63,53.92,49.03,1013.44,1009.31,0.6,0.0016
2017-09-06,61.17041666666668,53.06,1011.16,69.81,51.47,0.93,0.57,55.12,49.33,1012.11,1009.59,0.0,0.0
2017-09-05,61.58416666666668,56.13,1006.35,68.69,55.09,0.92,0.66,58.6,52.75,1009.74,1002.63,0.89,0.004
2017-09-04,66.84750000000001,58.84,1005.82,77.9,57.32,0.91,0.56,64.34,53.35,1011.0,999.7,0.76,0.0153
2017-09-03,63.377500000000005,56.58,1010.78,69.64,58.79,0.94,0.63,58.88,54.46,1013.8,1009.4,0.56,0.0049
2017-09-02,58.942083333333336,48.4,1019.96,66.69,47.66,0.86,0.53,53.75,41.55,1023.18,1014.94,0.0,0.0
2017-09-01,55.328333333333326,42.55,1023.61,65.59,44.95,0.82,0.43,45.38,39.85,1025.61,1022.05,0.0,0.0
2017-08-31,61.50333333333332,50.28,1018.16,66.65,52.19,0.9,0.48,60.76,40.56,1022.7,1013.8,0.76,0.001
2017-08-30,66.105,57.18,1015.41,74.11,56.29,0.89,0.59,59.93,53.16,1016.85,1013.29,0.0,0.0
2017-08-29,66.85625,56.26,1020.2,71.64,62.23,0.81,0.55,59.3,54.78,1021.68,1017.1,0.0,0.0
2017-08-28,65.92958333333334,56.26,1022.69,72.32,60.13,0.85,0.56,59.52,51.64,1023.64,1021.4,0.0,0.0
2017-08-27,62.51583333333334,49.61,1025.05,72.22,51.02,0.85,0.46,54.75,46.5,1026.01,1023.35,0.0,0.0
2017-08-26,61.48250000000001,48.44,1025.87,71.47,51.45,0.82,0.46,52.24,44.55,1027.03,1024.96,0.0,0.0
2017-08-25,61.147083333333335,47.12,1022.48,70.95,51.59,0.84,0.4,49.95,44.51,1025.08,1018.92,0.0,0.0
2017-08-24,61.231666666666655,52.07,1016.25,68.53,55.15,0.88,0.56,54.29,49.95,1018.8,1013.44,0.0,0.0
2017-08-23,65.38166666666667,53.56,1010.46,74.05,57.73,0.84,0.49,56.55,49.69,1013.31,1007.86,0.0,0.0
2017-08-22,72.94791666666667,66.8,1007.74,77.72,63.57,0.9,0.69,71.34,54.84,1015.03,1003.23,0.83,0.0071
2017-08-21,74.50250000000001,65.18,1017.97,84.45,62.91,0.87,0.58,70.14,59.11,1019.66,1015.56,0.0,0.0
2017-08-20,70.93375,60.8,1016.93,82.69,58.08,0.91,0.53,66.27,55.36,1018.86,1014.2,0.0,0.0
2017-08-19,69.70708333333333,61.34,1009.91,74.88,63.65,0.84,0.62,63.82,58.22,1013.41,1007.88,0.47,0.0001
2017-08-18,73.95958333333333,66.87,1005.89,80.61,67.02,0.96,0.6,71.41,62.82,1007.9,1005.01,0.0,0.0
2017-08-17,66.63250000000001,59.28,1014.19,74.37,61.43,0.91,0.57,63.58,55.88,1018.26,1007.65,0.91,0.0062
2017-08-16,68.51125,59.49,1017.49,75.18,62.81,0.91,0.56,60.86,58.05,1019.59,1014.39,0.0,0.0
2017-08-15,71.15666666666667,61.7,1011.24,80.38,63.75,0.88,0.56,66.03,58.01,1013.71,1010.32,0.24,0.0001
2017-08-14,70.0775,58.22,1014.41,78.81,60.69,0.83,0.5,61.21,55.54,1016.56,1010.94,0.0,0.0
2017-08-13,69.96083333333335,58.12,1015.76,78.94,59.86,0.89,0.47,61.14,56.25,1017.0,1013.29,0.0,0.0
2017-08-12,69.10000000000001,62.68,1010.85,76.57,62.29,0.94,0.65,64.83,59.94,1012.86,1009.96,0.49,0.0011
2017-08-11,70.67625,64.79,1015.21,75.57,66.15,0.89,0.76,67.84,61.2,1018.09,1011.52,0.54,0.0006
2017-08-10,70.62708333333335,61.66,1020.73,81.27,59.89,0.92,0.52,66.65,57.68,1022.22,1018.19,0.0,0.0
2017-08-09,70.58333333333333,60.9,1020.11,80.91,61.32,0.86,0.56,64.26,57.06,1021.47,1018.21,0.0,0.0
2017-08-08,67.55041666666666,56.39,1016.77,77.53,57.21,0.92,0.41,59.71,50.87,1018.09,1015.29,0.0,0.0
2017-08-07,63.38833333333334,58.78,1015.72,69.26,58.97,0.91,0.72,61.12,56.14,1016.82,1014.45,0.57,0.0007
2017-08-06,65.09041666666668,54.73,1016.71,76.59,53.44,0.88,0.48,60.4,49.84,1017.6,1015.92,0.48,0.0003
2017-08-05,64.62458333333333,54.24,1010.7,70.4,59.15,0.83,0.51,58.49,50.27,1016.0,1006.92,0.44,0.0005
2017-08-04,71.75333333333333,66.2,1009.5,78.58,67.46,0.91,0.67,70.66,59.01,1013.36,1006.1,1.0,0.0137
2017-08-03,73.19666666666667,66.33,1016.59,81.41,64.64,0.93,0.62,69.03,62.16,1018.23,1014.17,0.11,0.0001
2017-08-02,73.10041666666666,64.87,1016.08,84.26,64.53,0.89,0.56,67.28,61.03,1016.99,1014.29,0.65,0.007
2017-08-01,74.68624999999999,64.39,1017.43,83.96,66.04,0.89,0.55,66.31,62.49,1018.61,1015.89,0.16,0.0001
2017-07-31,74.02958333333333,62.71,1018.34,83.78,62.25,0.83,0.58,67.68,56.17,1019.11,1017.4,0.0,0.0
2017-07-30,76.13875000000002,58.65,1017.68,86.15,66.15,0.76,0.37,63.62,56.14,1018.8,1016.1,0.0,0.0
2017-07-29,70.82458333333331,56.46,1015.99,79.78,60.65,0.82,0.46,61.03,53.55,1017.22,1014.55,0.0,0.0
2017-07-28,68.26083333333334,54.4,1014.67,74.14,62.95,0.82,0.38,62.24,46.21,1015.83,1013.15,0.0,0.0
2017-07-27,71.74125,65.14,1013.28,80.29,65.72,0.93,0.59,69.04,62.28,1015.49,1011.21,0.75,0.0128
2017-07-26,65.40083333333332,58.05,1020.59,70.47,56.65,0.9,0.64,62.75,53.48,1023.47,1016.19,1.0,0.0012
2017-07-25,67.28083333333332,56.23,1021.0,74.53,61.74,0.83,0.54,57.69,53.81,1023.6,1015.34,0.0,0.0
2017-07-24,66.91374999999998,58.88,1008.89,71.52,63.06,0.86,0.66,62.83,56.1,1014.83,1005.9,0.2,0.0002
2017-07-23,72.15875000000001,63.91,1008.23,76.08,68.99,0.85,0.64,65.67,58.53,1008.95,1007.15,0.0,0.0
2017-07-22,72.22166666666666,62.5,1011.11,77.42,67.41,0.84,0.65,65.46,59.23,1013.32,1008.5,0.0,0.0
2017-07-21,74.63916666666667,60.82,1012.88,84.56,64.3,0.9,0.4,65.64,57.33,1013.74,1012.2,0.0,0.0
2017-07-20,69.11,60.93,1014.38,75.41,60.7,0.87,0.62,63.98,56.73,1016.57,1011.98,0.75,0.0097
2017-07-19,75.85166666666667,64.55,1016.05,86.68,64.81,0.87,0.5,69.24,60.93,1017.42,1014.29,0.0,0.0
2017-07-18,73.03416666666668,62.97,1017.8,81.39,63.35,0.91,0.49,66.79,59.53,1019.17,1016.79,0.0,0.0
2017-07-17,71.66208333333333,65.56,1015.44,78.35,67.31,0.92,0.67,67.65,63.88,1016.89,1014.02,0.0,0.0
2017-07-16,69.82916666666665,62.2,1013.63,77.47,62.93,0.92,0.63,67.15,53.35,1014.1,1012.91,0.62,0.0017
2017-07-15,72.22166666666666,60.35,1014.89,81.05,64.57,0.86,0.52,62.64,54.04,1016.4,1013.41,0.0,0.0
2017-07-14,68.87624999999998,63.36,1014.3,77.54,63.3,0.93,0.66,67.18,61.02,1015.9,1013.2,0.61,0.0043
2017-07-13,63.30458333333334,60.31,1015.63,69.3,60.73,0.94,0.83,67.42,55.85,1017.0,1013.26,0.66,0.0086
2017-07-12,73.28083333333333,68.01,1013.53,80.98,67.08,0.92,0.7,71.3,63.83,1014.62,1012.64,0.76,0.0037
2017-07-11,72.30083333333334,64.53,1012.3,82.42,62.81,0.95,0.55,67.01,60.83,1013.56,1011.18,0.0,0.0
2017-07-10,69.55166666666666,62.94,1012.81,77.67,63.42,0.91,0.61,65.86,60.27,1014.4,1011.49,0.85,0.0029
2017-07-09,68.735,55.51,1013.72,78.55,59.52,0.74,0.49,59.71,49.14,1014.98,1012.82,0.0,0.0
2017-07-08,69.2125,56.12,1008.79,75.59,64.7,0.89,0.4,63.15,47.91,1012.92,1004.99,0.0,0.0
2017-07-07,73.89208333333335,63.99,1007.8,81.95,67.77,0.88,0.59,66.4,62.1,1010.45,1005.5,0.5,0.0036
2017-07-06,73.75333333333333,58.95,1014.69,84.88,60.36,0.76,0.45,63.38,52.4,1018.1,1010.8,0.0,0.0
2017-07-05,71.30791666666666,51.88,1020.85,80.89,58.59,0.78,0.35,55.33,49.39,1023.05,1018.31,0.0,0.0
2017-07-04,70.14458333333333,54.2,1020.09,79.37,60.08,0.85,0.37,58.81,49.45,1021.27,1018.62,0.0,0.0
2017-07-03,68.23208333333336,56.82,1016.66,75.9,58.72,0.89,0.5,59.55,54.94,1018.61,1014.43,0.0,0.0
2017-07-02,67.96083333333333,59.36,1013.65,78.89,58.38,0.89,0.57,65.03,55.19,1014.93,1012.29,0.43,0.0011
2017-07-01,71.29208333333334,65.73,1009.53,77.83,65.78,0.93,0.71,68.13,59.38,1012.34,1008.43,0.74,0.002
2017-06-30,71.65083333333332,65.44,1010.07,80.94,65.47,0.93,0.64,68.54,62.47,1010.9,1009.1,0.85,0.0047
2017-06-29,66.45291666666667,60.24,1012.29,75.63,59.67,0.91,0.61,66.54,51.91,1016.38,1009.14,0.78,0.0056
2017-06-28,64.96541666666667,51.77,1016.91,76.12,51.85,0.84,0.46,55.91,47.06,1018.42,1015.42,0.0,0.0
2017-06-27,59.522916666666674,51.38,1013.76,67.43,51.35,0.92,0.53,55.07,48.39,1016.09,1012.59,0.46,0.0007
2017-06-26,59.63166666666665,53.95,1014.18,66.93,56.0,0.89,0.7,56.78,51.59,1015.39,1012.6,0.76,0.0122
2017-06-25,63.48708333333334,52.98,1013.51,69.18,58.64,0.86,0.52,56.6,49.78,1015.02,1012.71,0.66,0.0014
2017-06-24,69.61125000000003,53.84,1006.92,76.32,60.99,0.8,0.42,62.26,51.25,1012.53,1002.09,0.0,0.0
2017-06-23,69.485,66.08,1002.64,75.04,65.71,0.95,0.79,68.9,60.11,1007.78,999.0,0.9,0.0461
2017-06-22,64.0125,56.77,1012.66,71.4,54.14,0.9,0.67,61.02,51.15,1015.18,1008.09,0.87,0.0012
2017-06-21,64.64416666666666,54.72,1013.4,74.05,54.81,0.93,0.49,57.29,52.53,1014.69,1012.04,0.88,0.0016
2017-06-20,65.08291666666666,58.26,1009.66,71.36,58.98,0.91,0.56,60.79,53.62,1012.5,1007.0,0.89,0.0084
2017-06-19,71.12041666666664,59.81,1005.76,80.13,62.36,0.86,0.48,63.2,57.64,1007.04,1003.73,0.46,0.0001
2017-06-18,74.15750000000001,66.91,1002.14,82.57,68.57,0.89,0.62,70.55,64.12,1005.08,999.88,0.71,0.0025
2017-06-17,72.29916666666668,66.17,1007.66,80.17,66.38,0.9,0.68,70.06,62.91,1009.1,1005.11,0.72,0.0128
2017-06-16,72.25875,62.45,1008.97,85.82,61.89,0.93,0.46,66.63,59.6,1009.86,1007.87,0.59,0.0024
2017-06-15,63.37666666666667,52.0,1012.24,67.88,59.92,0.88,0.52,60.69,43.04,1016.56,1009.46,0.0,0.0
2017-06-14,66.53125,49.08,1018.11,73.57,59.5,0.94,0.36,62.05,42.49,1019.91,1016.28,0.0,0.0
2017-06-13,71.7725,62.76,1014.76,77.33,65.87,0.89,0.63,67.04,57.73,1016.66,1012.29,0.67,0.0013
2017-06-12,78.21583333333332,62.2,1013.1,87.27,66.22,0.76,0.48,65.12,58.06,1014.92,1011.29,0.0,0.0
2017-06-11,77.50333333333334,60.85,1012.59,84.67,68.63,0.67,0.51,65.37,56.31,1013.71,1010.4,0.0,0.0
2017-06-10,71.05291666666666,58.51,1010.8,81.73,58.2,0.87,0.51,62.59,54.32,1012.35,1009.68,0.0,0.0
2017-06-09,66.23958333333333,53.6,1008.41,78.51,55.2,0.77,0.44,60.93,47.93,1009.91,1007.51,0.65,0.001
2017-06-08,65.27000000000001,47.44,1015.22,76.45,50.42,0.84,0.35,49.76,45.6,1018.27,1010.01,0.0,0.0
2017-06-07,59.495833333333316,47.03,1018.3,70.41,46.93,0.86,0.45,50.9,42.73,1020.04,1016.5,0.0,0.0
2017-06-06,57.494166666666665,53.36,1010.25,60.9,54.33,0.92,0.78,56.34,47.93,1016.5,1006.54,0.94,0.0018
2017-06-05,58.68916666666669,54.06,1007.23,62.88,55.34,0.92,0.72,55.57,52.18,1008.09,1006.59,0.0,0.0
2017-06-04,56.20125000000001,50.79,1010.6,59.32,53.8,0.94,0.63,54.24,44.87,1015.94,1006.88,0.73,0.0091
2017-06-03,61.115416666666654,43.18,1016.95,71.06,50.96,0.73,0.36,45.48,40.87,1018.51,1015.68,0.0,0.0
2017-06-02,57.88,42.11,1015.77,67.42,47.22,0.88,0.37,45.76,40.15,1017.02,1014.29,0.0,0.0
2017-06-01,57.14000000000001,42.72,1014.59,64.43,51.65,0.8,0.36,48.4,37.1,1015.44,1013.0,0.0,0.0
2017-05-31,61.39374999999999,51.79,1011.61,71.06,51.91,0.94,0.46,54.53,47.91,1012.79,1009.58,0.87,0.0037
2017-05-30,62.128750000000004,54.02,1011.9,71.52,55.77,0.9,0.56,57.02,51.42,1013.06,1010.7,1.0,0.0062
2017-05-29,66.02916666666667,56.94,1007.33,76.68,59.61,0.93,0.41,62.22,50.2,1010.73,1004.46,0.67,0.0017
2017-05-28,62.79416666666666,55.15,1009.81,70.42,51.8,0.94,0.6,57.77,50.25,1013.21,1005.29,0.0,0.0
2017-05-27,60.526250000000005,55.32,1012.39,64.77,56.39,0.9,0.74,57.15,53.14,1013.56,1011.0,0.0,0.0
2017-05-26,60.30208333333334,55.18,1005.43,65.86,55.64,0.96,0.72,57.63,53.48,1010.97,1000.42,1.0,0.0053
2017-05-25,56.47249999999999,52.56,1001.45,65.42,53.76,0.93,0.6,53.83,50.49,1003.5,999.21,1.0,0.0463
2017-05-24,64.63875,50.15,1005.12,73.22,54.99,0.85,0.36,54.09,44.51,1007.51,1003.08,0.0,0.0
2017-05-23,59.23208333333333,49.81,1011.15,70.18,46.48,0.92,0.52,54.56,43.1,1014.23,1008.02,0.0,0.0
2017-05-22,57.06499999999999,50.4,1013.28,62.32,51.92,0.97,0.56,54.81,45.36,1014.63,1012.69,0.76,0.0007
2017-05-21,55.36791666666668,46.14,1019.03,57.09,53.55,0.94,0.45,54.29,35.05,1023.92,1013.81,0.93,0.0129
2017-05-20,54.199999999999996,34.79,1026.31,61.31,45.07,0.59,0.4,38.0,31.41,1028.63,1023.27,0.0,0.0
2017-05-19,56.46333333333333,45.35,1017.08,63.61,48.66,0.81,0.49,55.98,39.07,1023.27,1008.66,0.0,0.0
2017-05-18,74.35249999999998,59.25,1007.2,84.52,66.68,0.75,0.41,64.47,55.69,1008.67,1004.2,0.54,0.0021
2017-05-17,69.50291666666666,54.52,1009.59,84.79,51.11,0.82,0.42,63.21,43.84,1011.3,1008.28,0.0,0.0
2017-05-16,56.06541666666666,43.46,1015.38,62.55,46.58,0.82,0.48,46.84,41.42,1017.92,1011.5,0.0,0.0
2017-05-15,56.65083333333333,42.43,1014.31,66.94,46.73,0.74,0.44,45.52,38.87,1016.0,1012.19,0.0,0.0
2017-05-14,52.697083333333325,43.77,1007.71,62.18,43.9,0.93,0.51,48.46,40.62,1011.94,1005.1,0.0,0.0
2017-05-13,54.16416666666667,46.15,1010.95,60.97,49.42,0.89,0.59,48.52,44.45,1012.77,1008.78,0.44,0.0005
2017-05-12,52.57791666666666,41.91,1015.27,60.25,41.61,0.83,0.55,45.0,35.94,1016.99,1012.96,0.0,0.0
2017-05-11,50.82833333333334,35.32,1016.88,58.18,44.14,0.64,0.45,38.19,31.93,1018.76,1015.82,0.0,0.0
2017-05-10,45.956250000000004,34.24,1019.45,52.03,38.84,0.82,0.51,37.4,30.79,1020.47,1017.95,0.0,0.0
2017-05-09,45.20458333333334,31.64,1015.86,49.96,39.94,0.72,0.46,34.59,23.73,1017.99,1013.78,0.0,0.0
2017-05-08,44.61124999999999,27.8,1012.98,52.11,35.08,0.82,0.32,33.88,23.27,1014.99,1011.45,0.0,0.0
2017-05-07,43.67958333333334,33.65,1005.06,49.06,39.1,0.86,0.46,38.68,27.84,1011.3,998.91,0.49,0.0007
2017-05-06,45.09833333333333,41.68,995.36,48.33,42.07,0.93,0.82,43.79,38.48,998.64,993.98,0.67,0.001
2017-05-05,47.07416666666668,45.12,1004.1,49.73,44.48,0.96,0.9,47.74,42.59,1012.38,997.75,1.0,0.0375
2017-05-04,45.18208333333334,35.1,1019.84,52.3,41.13,0.93,0.53,42.16,26.67,1023.54,1013.51,1.0,0.0209
2017-05-03,48.43916666666667,31.79,1016.42,58.09,40.49,0.79,0.29,37.56,24.8,1023.1,1006.37,0.0,0.0
2017-05-02,49.08583333333333,43.88,1000.63,53.79,46.29,0.89,0.73,50.14,38.05,1006.04,998.6,0.59,0.0015
2017-05-01,49.82791666666665,47.8,1004.37,55.84,42.13,0.95,0.9,54.27,39.79,1012.71,997.31,1.0,0.0402
2017-04-30,43.65749999999999,34.91,1020.65,47.18,39.44,0.87,0.58,39.99,30.45,1024.97,1013.81,1.0,0.0107
2017-04-29,51.09291666666667,36.36,1019.25,56.33,45.75,0.74,0.46,45.93,30.47,1024.99,1013.91,0.0,0.0
2017-04-28,56.90833333333333,44.29,1013.61,63.97,48.83,0.9,0.44,52.75,40.87,1016.1,1006.11,0.0,0.0
2017-04-27,64.66791666666667,56.72,1003.62,77.95,53.82,0.92,0.56,61.05,51.57,1005.78,999.21,0.93,0.0082
2017-04-26,55.14791666666665,49.97,1008.54,62.96,50.53,0.9,0.73,54.19,46.56,1011.01,1005.49,0.0,0.0
2017-04-25,48.50625,41.79,1015.55,53.22,44.16,0.92,0.61,48.26,33.91,1018.88,1011.22,1.0,0.004
2017-04-24,49.20749999999999,36.25,1020.49,55.05,43.41,0.76,0.46,37.78,34.57,1022.79,1018.61,0.0,0.0
2017-04-23,52.36416666666667,34.6,1018.52,66.16,36.08,0.76,0.34,40.25,28.57,1020.01,1016.13,0.0,0.0
2017-04-22,48.024166666666666,36.03,1017.67,57.62,41.43,0.8,0.47,38.61,31.6,1019.3,1015.52,0.0,0.0
2017-04-21,49.03541666666667,42.41,1010.81,56.69,44.72,0.95,0.55,46.47,35.74,1015.72,1008.19,0.3,0.0002
2017-04-20,45.04541666666666,40.36,1017.99,49.7,42.68,0.91,0.77,42.97,37.99,1023.51,1010.27,1.0,0.0214
2017-04-19,52.05458333333332,43.41,1018.23,63.62,41.91,0.85,0.59,56.52,29.48,1025.13,1014.48,0.71,0.002
2017-04-18,40.21916666666667,28.07,1028.98,48.24,32.02,0.8,0.43,31.12,24.98,1031.66,1025.42,0.0,0.0
2017-04-17,46.40041666666667,37.61,1019.3,52.19,36.92,0.83,0.58,47.1,29.45,1026.09,1013.03,0.0,0.0
2017-04-16,62.827916666666674,52.12,1008.34,72.14,52.49,0.86,0.55,56.67,48.39,1012.09,1005.5,0.66,0.005
2017-04-15,48.80416666666667,38.06,1018.5,60.19,41.74,0.89,0.48,51.72,25.78,1026.65,1010.88,1.0,0.0094
2017-04-14,49.25166666666667,26.87,1029.21,59.96,37.53,0.64,0.25,30.91,22.58,1030.98,1026.83,0.0,0.0
2017-04-13,45.66958333333333,29.97,1030.96,57.11,33.43,0.82,0.35,34.27,27.75,1033.4,1029.18,0.0,0.0
2017-04-12,44.859583333333326,35.05,1025.1,49.77,41.49,0.79,0.63,43.61,30.71,1030.51,1020.35,0.0,0.0
2017-04-11,57.18333333333333,51.76,1016.26,63.25,50.73,0.93,0.7,55.07,44.52,1019.69,1013.2,0.65,0.0021
2017-04-10,59.172083333333326,44.41,1012.55,71.92,47.06,0.78,0.41,55.43,35.98,1014.08,1010.17,0.67,0.0026
2017-04-09,48.720416666666665,33.2,1015.35,61.6,33.58,0.81,0.39,37.14,27.91,1017.6,1013.0,0.0,0.0
2017-04-08,41.95708333333332,24.38,1014.07,54.65,30.97,0.69,0.29,32.96,18.74,1016.09,1010.5,0.0,0.0
2017-04-07,35.632083333333334,28.74,1001.81,41.25,31.72,0.93,0.53,33.0,23.55,1010.1,994.11,1.0,0.0053
2017-04-06,42.397499999999994,38.67,997.36,45.16,35.56,0.93,0.75,42.81,33.2,1008.42,992.1,1.0,0.0225
2017-04-05,43.475,36.64,1012.26,49.62,39.65,0.86,0.67,39.38,35.38,1015.62,1006.8,0.0,0.0
2017-04-04,46.455000000000005,43.29,997.0,50.4,42.86,0.96,0.8,49.21,37.35,1005.5,993.68,1.0,0.0237
2017-04-03,47.72916666666666,34.93,1012.52,53.01,41.25,0.74,0.5,37.39,32.75,1018.76,1002.54,0.41,0.0002
2017-04-02,47.21333333333334,32.37,1019.8,59.77,34.41,0.76,0.41,37.07,25.78,1021.12,1018.4,0.0,0.0
2017-04-01,40.60916666666666,32.36,1016.05,49.68,35.27,0.92,0.49,37.5,25.06,1020.21,1010.04,0.0,0.0
2017-03-31,36.93666666666667,34.96,1009.54,39.09,34.24,0.95,0.91,37.03,31.91,1014.67,1007.32,1.0,0.0189
2017-03-30,36.13125,25.99,1022.28,38.55,33.51,0.91,0.55,31.66,22.81,1026.76,1015.42,0.37,0.0006
2017-03-29,40.72083333333333,29.56,1024.69,48.0,32.06,0.85,0.49,32.27,27.41,1026.6,1021.71,0.0,0.0
2017-03-28,44.88166666666666,40.03,1015.48,50.15,37.86,0.93,0.71,47.98,32.59,1021.28,1011.71,0.69,0.0006
2017-03-27,48.688750000000006,45.66,1012.32,57.39,42.47,0.96,0.79,52.07,39.88,1014.98,1011.34,0.73,0.0042
2017-03-26,38.185,33.75,1022.07,42.81,33.97,0.89,0.78,39.39,27.92,1028.74,1015.49,0.73,0.0025
2017-03-25,37.68416666666667,34.09,1025.81,40.09,35.9,0.92,0.8,36.98,32.08,1029.4,1020.29,1.0,0.0117
2017-03-24,40.63041666666667,34.54,1018.58,52.4,33.86,0.92,0.63,44.37,23.35,1026.51,1013.35,1.0,0.0084
2017-03-23,27.126666666666665,12.92,1033.92,37.33,15.63,0.78,0.28,22.84,6.45,1037.07,1027.13,0.0,0.0
2017-03-22,22.539166666666663,4.55,1030.16,30.86,15.86,0.62,0.36,16.05,-3.43,1034.88,1018.61,0.0,0.0
2017-03-21,42.4325,27.98,1014.41,54.58,32.49,0.9,0.23,35.45,16.89,1017.6,1011.29,0.0,0.0
2017-03-20,36.075,30.56,1020.49,41.46,29.83,0.89,0.72,33.9,25.97,1024.55,1015.87,0.0,0.0
2017-03-19,36.75791666666667,26.74,1025.53,44.79,32.22,0.8,0.55,30.17,22.58,1027.97,1022.94,0.0,0.0
2017-03-18,33.12083333333333,27.49,1018.62,34.64,31.57,0.88,0.69,30.68,25.19,1022.32,1016.95,0.24,0.0003
2017-03-17,33.19583333333333,20.15,1022.86,42.24,22.88,0.76,0.41,24.68,15.4,1024.99,1020.39,0.0,0.0
2017-03-16,27.327916666666667,11.3,1018.6,36.31,19.37,0.61,0.4,15.79,5.08,1022.31,1015.52,0.0,0.0
2017-03-15,20.03625,7.98,1011.08,25.77,13.9,0.76,0.46,9.63,6.4,1015.52,1008.3,0.0,0.0
2017-03-14,16.495416666666667,9.89,1018.81,20.11,13.19,0.79,0.69,12.19,7.26,1026.12,1013.0,0.06,0.0001
2017-03-13,15.671250000000002,5.36,1030.93,21.23,9.54,0.78,0.51,11.54,-1.13,1033.74,1026.71,0.0,0.0
2017-03-12,14.088695652173914,0.61,1030.38,21.75,6.75,0.65,0.47,5.69,-5.54,1032.38,1028.85,0.0,0.0
2017-03-11,12.365833333333335,3.25,1025.23,18.54,6.43,0.76,0.56,6.96,-0.98,1028.85,1021.79,0.0,0.0
2017-03-10,20.977916666666662,8.61,1018.82,29.17,12.62,0.71,0.43,19.47,0.97,1022.31,1015.19,0.0,0.0
2017-03-09,32.74708333333333,18.4,1017.12,36.86,28.88,0.68,0.46,21.42,16.46,1019.42,1010.96,0.0,0.0
2017-03-08,42.54833333333334,27.44,1008.54,49.73,36.34,0.72,0.36,34.03,21.75,1011.79,1003.89,0.0,0.0
2017-03-07,47.095000000000006,44.23,1011.46,51.55,41.21,0.95,0.71,48.98,35.75,1017.52,1008.01,1.0,0.0173
2017-03-06,35.993333333333325,26.79,1023.71,42.01,29.62,0.76,0.65,34.38,20.03,1029.1,1018.47,0.0,0.0
2017-03-05,18.989166666666666,9.92,1037.39,28.96,9.32,0.74,0.61,20.59,-0.66,1041.62,1029.73,0.0,0.0
2017-03-04,14.002083333333333,1.45,1038.63,18.68,8.71,0.81,0.39,10.22,-2.79,1041.24,1033.29,0.0,0.0
2017-03-03,18.69666666666667,8.33,1027.49,22.01,13.66,0.83,0.47,15.96,2.9,1033.4,1022.24,0.0,0.0
2017-03-02,22.644583333333333,12.36,1014.23,30.16,18.36,0.74,0.55,22.97,10.29,1023.26,997.83,0.0,0.0
2017-03-01,49.01916666666668,45.68,994.7,53.71,34.64,0.96,0.72,51.04,27.31,1005.69,988.73,0.93,0.0201
2017-02-28,40.53625000000001,34.18,1018.29,46.99,32.4,0.91,0.74,44.02,26.53,1025.51,1006.55,0.56,0.0017
2017-02-27,40.80916666666667,26.66,1021.73,49.15,34.08,0.73,0.39,30.03,24.33,1025.43,1016.5,0.0,0.0
2017-02-26,31.936666666666667,19.85,1015.21,36.29,26.7,0.69,0.51,25.72,15.87,1017.73,1009.4,0.0,0.0
2017-02-25,39.61291666666667,33.59,1000.54,45.49,30.65,0.96,0.59,42.93,20.85,1008.83,996.3,0.94,0.0119
2017-02-24,40.3,37.52,1007.39,42.8,38.31,0.94,0.85,40.44,34.41,1012.65,1001.48,0.71,0.004
2017-02-23,50.643333333333324,44.68,1006.05,64.87,40.32,0.93,0.53,52.96,36.24,1011.99,1002.77,0.0,0.0
2017-02-22,42.199583333333344,39.79,1011.23,46.6,38.81,0.95,0.86,44.18,36.63,1014.21,1006.78,0.0,0.0
2017-02-21,37.66083333333333,30.92,1017.67,43.48,32.68,0.92,0.64,37.16,24.45,1025.29,1013.47,0.88,0.0029
2017-02-20,34.90125,26.17,1026.71,40.83,30.18,0.82,0.51,29.91,24.24,1029.5,1020.97,0.0,0.0
2017-02-19,44.70791666666668,34.19,1012.29,54.02,37.68,0.78,0.5,37.3,30.2,1020.49,1005.3,0.0,0.0
2017-02-18,41.43666666666666,33.16,1002.85,56.04,26.45,0.91,0.54,40.41,23.11,1007.0,999.7,0.0,0.0
2017-02-17,26.51125,19.34,1012.24,32.28,20.11,0.82,0.63,26.17,14.15,1014.51,1007.75,0.0,0.0
2017-02-16,19.46375,11.91,1009.56,26.07,11.97,0.79,0.62,15.46,5.98,1014.02,1004.7,0.0,0.0
2017-02-15,30.243333333333336,24.77,999.95,34.7,22.57,0.88,0.72,31.3,16.12,1004.5,997.4,0.0,0.0
2017-02-14,31.13666666666666,25.56,1005.91,40.66,15.83,0.92,0.68,32.05,12.55,1016.09,998.87,0.6,0.0018
2017-02-13,27.21958333333333,20.36,1017.03,30.39,20.51,0.82,0.67,25.42,15.76,1020.62,1008.83,0.0,0.0
2017-02-12,27.408749999999998,23.81,1010.28,32.35,23.86,0.91,0.8,28.3,19.82,1018.04,1004.78,0.38,0.0038
2017-02-11,33.19541666666667,26.94,1012.32,38.98,28.96,0.85,0.73,30.91,22.39,1018.09,1006.94,0.49,0.0011
2017-02-10,22.13333333333333,16.5,1018.63,28.54,17.07,0.9,0.68,23.2,10.79,1024.26,1009.12,0.37,0.0014
2017-02-09,17.05875,5.7,1015.96,23.32,9.58,0.71,0.44,11.92,1.2,1019.1,1012.6,0.0,0.0
2017-02-08,29.19208333333333,22.17,1006.36,38.1,18.5,0.95,0.62,35.99,9.63,1013.87,990.46,0.69,0.004
2017-02-07,31.44250000000001,26.85,1003.34,34.59,29.18,0.94,0.73,32.95,23.03,1013.1,989.7,0.43,0.0038
2017-02-06,27.08708333333333,17.83,1017.54,33.7,19.61,0.76,0.59,24.9,11.9,1020.19,1014.05,0.0,0.0
2017-02-05,30.16249999999999,21.42,1011.65,33.27,26.43,0.86,0.59,27.13,16.5,1017.21,1007.6,0.12,0.0001
2017-02-04,22.87333333333333,12.66,1024.16,27.0,19.34,0.71,0.57,16.94,9.95,1026.92,1018.51,0.0,0.0
2017-02-03,20.675416666666667,10.39,1022.36,24.9,16.74,0.72,0.54,11.83,9.14,1024.69,1021.03,0.0,0.0
2017-02-02,24.628333333333334,14.47,1019.36,27.86,22.08,0.75,0.53,21.07,10.81,1022.83,1015.79,0.0,0.0
2017-02-01,30.013333333333335,23.8,1011.0,35.43,24.2,0.9,0.6,26.5,20.67,1015.81,1006.07,0.51,0.0012
2017-01-31,23.46291666666667,18.73,1006.76,26.7,15.77,0.89,0.73,23.15,9.3,1012.68,1003.98,0.33,0.0002
2017-01-30,16.996666666666663,7.77,1012.02,23.38,10.8,0.76,0.54,11.5,4.33,1014.6,1008.76,0.0,0.0
2017-01-29,26.11916666666667,17.23,1005.02,29.84,20.65,0.83,0.6,25.4,12.16,1008.71,1001.4,0.0,0.0
2017-01-28,30.563333333333336,24.97,1001.79,31.4,29.85,0.86,0.73,26.56,22.51,1002.61,1000.93,0.31,0.0002
2017-01-27,33.46666666666667,25.16,1002.41,36.1,31.03,0.79,0.61,27.79,23.27,1003.19,1001.23,0.0,0.0
2017-01-26,37.100833333333334,33.71,996.54,38.11,35.92,0.94,0.77,36.13,29.35,1001.9,993.91,0.96,0.0041
2017-01-25,36.69166666666667,32.76,1002.48,40.52,32.39,0.93,0.79,35.41,27.94,1006.1,996.22,0.73,0.0006
2017-01-24,32.23791666666668,27.56,1006.23,33.68,31.16,0.88,0.78,29.47,25.5,1008.42,1004.69,0.3,0.0003
2017-01-23,37.17583333333334,33.02,1009.05,40.89,34.59,0.92,0.76,34.82,29.46,1010.15,1007.95,0.0,0.0
2017-01-22,40.52458333333333,37.82,1006.82,43.82,37.78,0.96,0.81,40.53,32.35,1008.55,1005.64,0.0,0.0
2017-01-21,39.48416666666667,37.92,1007.85,42.56,37.41,0.95,0.93,40.87,36.03,1009.45,1006.27,0.44,0.0001
2017-01-20,37.407500000000006,34.24,1009.9,39.11,35.33,0.92,0.86,35.81,31.9,1015.26,1006.94,0.0,0.0
2017-01-19,37.32999999999999,33.53,1016.76,38.41,35.93,0.9,0.81,35.16,32.05,1018.9,1015.58,0.0,0.0
2017-01-18,36.34375,33.75,1013.75,38.46,34.3,0.94,0.85,34.79,32.48,1016.29,1009.51,0.74,0.0007
2017-01-17,33.00333333333333,29.16,1015.13,34.95,29.27,0.93,0.74,33.23,23.34,1023.54,1009.6,0.94,0.0107
2017-01-16,29.05125,21.62,1026.56,38.48,20.51,0.87,0.56,25.83,16.99,1028.35,1023.82,0.0,0.0
2017-01-15,27.200833333333325,20.0,1028.91,32.33,21.13,0.84,0.62,22.08,16.15,1030.81,1027.49,0.0,0.0
2017-01-14,19.369166666666665,12.3,1034.11,26.62,12.95,0.84,0.63,21.11,2.69,1041.65,1027.99,0.0,0.0
2017-01-13,24.79041666666667,15.12,1036.46,30.55,17.01,0.74,0.59,23.26,9.02,1043.08,1024.1,0.0,0.0
2017-01-12,37.83208333333334,34.76,1011.3,44.65,31.81,0.93,0.76,41.85,25.24,1022.4,1004.0,1.0,0.0219
2017-01-11,39.48458333333334,31.6,1011.72,44.54,35.27,0.92,0.67,41.86,26.83,1019.62,997.7,0.94,0.0067
2017-01-10,32.43583333333334,28.24,1015.31,42.72,27.66,0.95,0.65,40.18,18.4,1027.33,998.5,0.79,0.0165
2017-01-09,21.98166666666667,13.74,1030.58,26.89,12.99,0.83,0.63,18.97,5.97,1035.39,1027.36,0.0,0.0
2017-01-08,12.660416666666668,4.14,1029.43,14.67,9.4,0.78,0.56,8.36,0.99,1036.47,1022.01,0.0,0.0
2017-01-07,13.090416666666668,5.31,1026.19,20.8,6.32,0.81,0.6,11.15,1.66,1027.77,1023.63,0.0,0.0
2017-01-06,14.626249999999997,4.78,1019.2,21.6,9.68,0.75,0.52,6.9,2.78,1025.39,1014.02,0.0,0.0
2017-01-05,19.241249999999997,9.79,1010.12,21.65,14.25,0.7,0.6,11.96,5.59,1013.87,1005.05,0.0,0.0
2017-01-04,29.648750000000007,23.34,999.87,37.27,18.2,0.95,0.62,35.55,8.3,1005.39,995.9,0.84,0.0012
2017-01-03,38.407083333333325,36.9,1007.84,39.52,36.79,0.95,0.92,38.07,35.49,1018.29,997.67,0.93,0.0194
2017-01-02,34.359583333333326,29.52,1025.46,40.56,25.88,0.91,0.75,35.78,21.52,1028.47,1019.4,0.5,0.0011
2017-01-01,33.45583333333334,24.58,1019.46,37.48,28.49,0.79,0.59,26.12,22.25,1027.06,1006.8,0.21,0.0001
2016-12-31,33.57541666666666,26.99,1005.79,39.21,27.67,0.9,0.65,33.59,20.24,1013.41,1000.9,0.72,0.0026
2016-12-30,28.3175,22.1,1006.4,31.17,26.24,0.86,0.69,27.22,17.81,1013.12,1000.24,0.0,0.0
2016-12-29,34.11291666666667,30.5,1002.46,36.42,31.95,0.94,0.78,33.56,27.23,1011.2,998.9,0.67,0.0034
2016-12-28,29.466666666666665,22.09,1018.14,32.66,26.8,0.81,0.65,27.4,20.58,1020.93,1012.44,0.0,0.0
2016-12-27,34.63666666666668,27.15,1012.03,44.87,30.09,0.85,0.65,40.42,22.73,1016.05,1005.37,0.0,0.0
2016-12-26,35.130833333333335,31.4,1020.52,48.0,21.49,0.96,0.63,46.45,10.72,1037.31,1005.03,1.0,0.0239
2016-12-25,32.03291666666666,23.4,1034.85,37.63,21.81,0.85,0.58,32.68,10.35,1038.44,1027.8,0.14,0.0001
2016-12-24,36.93458333333333,33.05,1019.52,39.68,34.37,0.93,0.81,35.69,30.32,1027.59,1013.19,0.77,0.0057
2016-12-23,34.07833333333333,27.42,1024.34,37.76,28.9,0.83,0.65,30.95,24.14,1026.45,1020.15,0.53,0.0006
2016-12-22,34.580000000000005,30.26,1016.58,38.26,31.36,0.93,0.74,32.57,26.72,1024.19,1010.84,0.56,0.0031
2016-12-21,28.83875,22.75,1018.1,33.44,22.89,0.89,0.66,28.16,16.94,1020.2,1015.77,0.22,0.0001
2016-12-20,25.653333333333336,15.61,1023.78,33.07,16.61,0.8,0.54,22.83,3.66,1034.6,1014.29,0.0,0.0
2016-12-19,15.485833333333332,5.68,1037.8,20.88,9.23,0.91,0.5,10.46,-0.03,1040.28,1035.2,0.0,0.0
2016-12-18,22.432916666666667,14.09,1018.2,32.11,11.45,0.91,0.51,29.67,2.56,1036.54,1003.29,0.22,0.0003
2016-12-17,28.13291666666667,25.86,1007.94,32.49,21.58,0.99,0.84,31.95,19.22,1018.1,1003.8,0.29,0.001
2016-12-16,16.71125,9.46,1023.73,22.97,9.88,0.98,0.52,20.66,1.78,1026.0,1019.38,0.23,0.0002
2016-12-15,14.548750000000004,7.18,1014.94,17.05,9.72,0.84,0.6,12.43,3.42,1023.25,1008.62,0.26,0.0002
2016-12-14,20.278333333333332,8.5,1013.71,25.39,16.36,0.76,0.49,12.24,5.21,1017.69,1008.42,0.0,0.0
2016-12-13,29.469999999999995,20.72,1016.1,31.62,25.18,0.77,0.53,24.78,10.59,1017.86,1014.02,0.0,0.0
2016-12-12,33.434583333333336,28.7,1009.1,37.28,30.41,0.97,0.64,32.14,24.89,1016.7,1004.52,0.46,0.0027
2016-12-11,25.329583333333336,21.86,1024.32,31.88,19.18,0.97,0.73,30.28,14.53,1029.34,1012.03,0.37,0.0015
2016-12-10,22.89,14.71,1028.18,28.07,17.78,0.83,0.55,19.52,9.03,1028.77,1027.22,0.0,0.0
2016-12-09,24.580000000000002,15.71,1023.86,29.16,19.26,0.8,0.55,19.63,10.93,1028.11,1017.73,0.0,0.0
2016-12-08,31.459166666666665,22.02,1013.53,33.02,28.1,0.86,0.5,26.27,15.99,1017.1,1012.01,0.0,0.0
2016-12-07,36.67666666666667,28.37,1012.42,39.5,32.06,0.95,0.58,37.22,23.76,1014.99,1007.76,0.08,0.0001
2016-12-06,37.956250000000004,32.95,1014.43,41.04,34.27,0.93,0.75,35.61,29.29,1019.4,1008.14,0.31,0.0008
2016-12-05,37.74416666666667,32.11,1013.61,42.57,32.31,0.94,0.63,34.77,29.79,1019.0,1009.04,0.59,0.0064
2016-12-04,32.923750000000005,26.81,1022.65,36.66,28.0,0.86,0.7,29.08,23.5,1026.2,1014.17,0.0,0.0
2016-12-03,36.834999999999994,30.31,1021.57,39.97,33.77,0.86,0.66,32.35,28.37,1024.08,1017.86,0.0,0.0
2016-12-02,39.68541666666667,32.98,1010.98,43.26,35.94,0.85,0.64,35.83,31.53,1017.33,1006.34,0.62,0.0009
2016-12-01,42.762916666666676,36.54,1002.63,48.74,40.55,0.94,0.69,47.17,33.27,1006.31,997.29,1.0,0.0035
2016-11-30,48.23541666666667,45.73,1003.29,52.73,40.27,0.96,0.84,49.92,37.97,1009.52,996.5,0.97,0.0087
2016-11-29,48.42041666666666,43.8,1006.02,55.24,43.69,0.9,0.78,48.82,37.74,1009.19,1003.7,0.85,0.0044
2016-11-28,41.88166666666667,36.4,1015.33,46.2,36.55,0.9,0.71,39.06,32.35,1019.39,1009.2,0.0,0.0
2016-11-27,39.83041666666666,34.42,1020.22,45.63,36.63,0.88,0.68,35.53,32.89,1021.28,1019.28,0.0,0.0
2016-11-26,40.52791666666668,36.04,1020.93,44.6,38.23,0.93,0.67,37.88,34.25,1021.71,1020.05,0.69,0.0014
2016-11-25,40.066666666666656,37.18,1021.88,43.88,36.56,0.94,0.84,41.33,33.93,1022.66,1020.6,0.56,0.001
2016-11-24,35.86333333333334,33.25,1020.38,38.2,31.8,0.93,0.87,35.58,28.35,1022.86,1018.7,0.6,0.0028
2016-11-23,29.045833333333334,22.39,1027.09,32.68,24.5,0.87,0.67,27.36,18.91,1029.29,1022.86,0.0,0.0
2016-11-22,31.785416666666663,23.33,1023.25,36.58,28.05,0.77,0.62,25.14,20.75,1027.44,1017.44,0.17,0.0001
2016-11-21,30.468750000000004,22.61,1011.9,32.59,27.86,0.79,0.65,23.97,21.67,1016.96,1009.06,0.0,0.0
2016-11-20,32.580416666666665,24.88,1007.04,34.74,30.46,0.85,0.66,30.26,21.88,1009.35,1004.43,0.0,0.0
2016-11-19,45.63249999999999,40.14,1007.65,55.79,36.34,0.89,0.73,47.14,28.43,1011.0,1005.79,0.92,0.0048
2016-11-18,50.06708333333332,44.52,1016.02,62.62,42.39,0.96,0.6,48.96,40.5,1018.61,1012.05,0.0,0.0
2016-11-17,44.86583333333334,39.95,1018.39,52.58,35.85,0.93,0.68,42.84,33.44,1020.03,1015.72,0.0,0.0
2016-11-16,46.65083333333334,41.61,1010.3,54.23,37.57,0.94,0.67,46.37,35.32,1014.98,1008.51,0.0,0.0
2016-11-15,42.88666666666668,38.07,1012.81,55.68,34.06,0.92,0.66,44.41,31.34,1014.78,1010.2,0.0,0.0
2016-11-14,47.29,35.28,1013.84,55.97,40.59,0.84,0.5,43.14,29.01,1014.74,1013.0,0.0,0.0
2016-11-13,45.299583333333345,33.65,1016.69,53.49,37.82,0.77,0.52,38.33,28.98,1019.22,1013.59,0.0,0.0
2016-11-12,39.285000000000004,26.76,1025.07,50.7,27.54,0.78,0.45,32.49,21.07,1028.89,1018.78,0.0,0.0
2016-11-11,42.85208333333335,29.16,1016.66,54.77,31.02,0.7,0.47,44.89,20.91,1027.69,1001.93,0.0,0.0
2016-11-10,46.50083333333333,36.12,1010.68,60.3,31.99,0.89,0.45,41.84,28.7,1019.84,1002.25,0.0,0.0
2016-11-09,44.373749999999994,36.76,1017.71,52.7,34.58,0.89,0.59,49.6,30.51,1020.7,1013.29,0.0,0.0
2016-11-08,49.041666666666664,44.08,1018.23,59.5,37.26,0.93,0.68,51.15,34.35,1024.7,1013.66,0.92,0.0021
2016-11-07,45.970416666666665,39.93,1029.27,59.09,34.72,0.91,0.6,46.22,31.76,1031.68,1024.99,0.0,0.0
2016-11-06,46.83760000000001,38.54,1028.52,54.69,38.96,0.88,0.54,45.61,35.22,1030.57,1024.1,0.0,0.0
2016-11-05,51.68083333333333,44.26,1022.32,62.52,43.6,0.88,0.6,48.51,37.22,1023.67,1020.71,0.0,0.0
2016-11-04,45.1025,37.03,1025.08,53.27,37.31,0.88,0.56,39.86,33.3,1027.85,1022.15,0.0,0.0
2016-11-03,52.06249999999999,46.6,1017.85,57.28,46.81,0.92,0.65,51.95,40.66,1021.28,1015.46,1.0,0.0281
2016-11-02,57.83375,52.24,1019.98,67.29,51.97,0.93,0.56,54.69,49.8,1021.92,1016.79,0.95,0.0036
2016-11-01,49.30333333333334,42.7,1017.83,57.66,37.89,0.88,0.7,52.02,32.3,1021.79,1014.68,0.0,0.0
2016-10-31,38.397083333333335,30.37,1024.61,47.37,31.56,0.9,0.54,32.83,27.75,1026.64,1022.7,0.0,0.0
2016-10-30,47.064166666666665,41.18,1016.81,53.31,38.62,0.89,0.68,47.3,32.9,1022.48,1013.57,0.93,0.0026
2016-10-29,57.06041666666665,50.49,1011.47,66.67,48.93,0.83,0.73,58.22,42.71,1018.87,1007.7,0.0,0.0
2016-10-28,41.073333333333345,33.86,1023.14,49.34,32.73,0.89,0.58,41.28,29.66,1025.95,1019.87,0.15,0.0001
2016-10-27,36.50458333333333,31.86,1020.05,41.15,33.98,0.92,0.59,38.82,26.14,1028.99,1014.6,1.0,0.0128
2016-10-26,37.78791666666667,24.76,1031.79,42.47,29.95,0.78,0.46,26.28,22.81,1033.69,1029.34,0.0,0.0
2016-10-25,42.01125,30.33,1027.05,45.89,38.38,0.74,0.52,34.12,25.09,1031.12,1023.32,0.0,0.0
2016-10-24,44.623333333333335,37.2,1017.74,46.5,42.31,0.86,0.67,41.83,33.15,1023.47,1010.2,0.47,0.0004
2016-10-23,47.08958333333333,37.94,1010.6,55.92,38.65,0.81,0.6,42.59,32.3,1012.16,1009.29,0.0,0.0
2016-10-22,43.127500000000005,33.44,1008.73,47.83,39.19,0.77,0.57,36.46,31.83,1011.14,1007.11,0.0,0.0
2016-10-21,48.571666666666665,44.86,1012.35,52.81,43.79,0.91,0.78,49.88,37.25,1014.24,1011.51,0.84,0.0073
2016-10-20,55.299583333333345,52.1,1018.01,57.73,52.64,0.93,0.81,55.42,49.87,1020.44,1014.44,0.83,0.0142
2016-10-19,59.307083333333345,51.75,1017.04,68.18,51.34,0.92,0.56,53.33,48.23,1020.61,1009.91,0.0,0.0
2016-10-18,67.26041666666667,61.25,1003.63,74.53,58.67,0.94,0.71,65.3,53.72,1008.9,1000.5,0.8,0.0045
2016-10-17,60.73749999999999,58.5,1010.62,63.45,58.8,0.95,0.88,60.3,56.23,1014.11,1006.55,0.29,0.0003
2016-10-16,65.05208333333333,60.63,1013.78,68.36,60.11,0.92,0.79,64.06,54.66,1016.46,1012.06,0.77,0.0054
2016-10-15,55.98708333333334,47.51,1022.13,64.89,44.56,0.91,0.59,53.17,41.63,1025.38,1016.57,0.0,0.0
2016-10-14,48.43749999999999,38.64,1028.1,57.65,36.82,0.85,0.53,43.88,32.73,1029.97,1025.41,0.0,0.0
2016-10-13,55.25791666666666,44.89,1018.11,66.73,41.23,0.82,0.54,58.76,34.57,1026.69,1009.57,0.57,0.0007
2016-10-12,59.46749999999998,51.78,1019.09,69.42,47.62,0.92,0.62,56.31,45.04,1023.28,1012.51,0.0,0.0
2016-10-11,50.38041666666667,40.91,1027.89,61.53,37.68,0.89,0.49,45.76,34.76,1030.18,1023.69,0.0,0.0
2016-10-10,44.63083333333332,34.7,1030.6,55.41,35.02,0.85,0.46,39.0,30.51,1032.53,1029.22,0.0,0.0
2016-10-09,49.44541666666667,39.36,1025.09,54.69,43.8,0.86,0.47,44.5,34.62,1028.89,1021.53,0.0,0.0
2016-10-08,59.751666666666665,50.37,1017.07,66.06,48.88,0.93,0.46,61.61,40.56,1021.95,1014.66,0.64,0.0065
2016-10-07,64.21666666666665,58.0,1020.3,72.56,58.33,0.93,0.61,59.66,55.76,1023.45,1016.18,0.0,0.0
2016-10-06,64.88833333333332,58.3,1023.38,72.95,58.49,0.89,0.65,61.05,55.03,1024.28,1022.09,0.0,0.0
2016-10-05,62.13666666666668,56.32,1023.92,69.17,56.29,0.92,0.65,57.88,53.9,1026.0,1021.65,0.28,0.0001
2016-10-04,62.455833333333345,56.83,1024.44,68.01,57.95,0.9,0.7,58.44,55.12,1026.01,1022.21,0.0,0.0
2016-10-03,61.51041666666668,56.97,1017.99,65.8,56.35,0.92,0.76,58.54,54.11,1021.69,1015.19,0.0,0.0
2016-10-02,62.32333333333335,58.73,1015.42,66.95,59.51,0.95,0.78,60.59,57.32,1017.28,1013.7,0.8,0.0051
2016-10-01,59.09458333333333,55.19,1020.88,60.13,58.14,0.93,0.76,57.49,51.57,1024.17,1017.59,0.68,0.0017
2016-09-30,61.66958333333332,51.67,1026.28,65.13,59.09,0.76,0.62,52.96,50.21,1027.93,1024.6,0.0,0.0
2016-09-29,60.012916666666655,53.29,1025.8,63.01,57.15,0.87,0.7,56.29,51.31,1028.26,1022.01,0.81,0.0031
2016-09-28,63.72,51.97,1016.43,71.54,55.31,0.84,0.49,55.0,48.2,1021.88,1011.39,0.0,0.0
2016-09-27,60.14625000000001,46.93,1009.16,70.42,47.15,0.87,0.4,50.87,42.87,1010.95,1007.5,0.0,0.0
2016-09-26,59.45916666666667,51.78,1013.45,63.13,53.58,0.91,0.63,60.33,45.38,1020.05,1009.59,0.83,0.0142
2016-09-25,54.77333333333333,41.54,1023.84,63.64,44.15,0.8,0.44,44.82,37.58,1025.72,1021.36,0.0,0.0
2016-09-24,56.2875,42.02,1024.11,66.58,46.56,0.86,0.36,46.09,37.81,1025.89,1022.76,0.0,0.0
2016-09-23,63.381249999999994,56.61,1019.03,70.5,54.78,0.87,0.66,64.75,47.3,1022.74,1015.51,0.72,0.0011
2016-09-22,69.51125,59.45,1018.83,81.46,58.05,0.88,0.46,65.29,53.2,1020.87,1015.91,0.0,0.0
2016-09-21,67.78166666666667,50.44,1022.21,80.3,55.65,0.72,0.38,55.37,45.14,1023.62,1020.88,0.0,0.0
2016-09-20,71.31500000000001,55.74,1019.01,80.89,61.45,0.87,0.3,63.07,41.75,1021.79,1016.96,0.0,0.0
2016-09-19,69.62666666666667,60.74,1016.41,78.33,59.97,0.92,0.56,63.54,57.18,1017.59,1015.13,0.0,0.0
2016-09-18,69.81416666666667,64.04,1013.7,77.7,63.4,0.96,0.65,66.9,61.18,1014.99,1012.29,0.0,0.0
2016-09-17,68.35083333333333,65.42,1013.83,71.02,65.13,0.94,0.82,68.97,59.65,1017.7,1010.6,0.98,0.0142
2016-09-16,62.804999999999986,53.74,1021.73,73.08,51.48,0.87,0.53,59.42,46.37,1024.75,1018.14,0.0,0.0
2016-09-15,58.737500000000004,49.08,1026.48,67.46,49.81,0.84,0.55,51.45,45.08,1028.67,1024.7,0.0,0.0
2016-09-14,66.96208333333333,54.52,1020.75,72.57,57.87,0.79,0.44,62.67,47.55,1025.31,1015.28,0.0,0.0
2016-09-13,69.53375000000001,58.26,1017.7,80.87,55.69,0.9,0.5,62.27,52.83,1020.05,1015.36,0.0,0.0
2016-09-12,63.31875,50.81,1022.35,75.45,50.24,0.87,0.38,55.62,46.32,1024.22,1020.01,0.0,0.0
2016-09-11,66.34833333333334,52.15,1017.01,72.92,57.64,0.78,0.44,60.4,48.64,1021.91,1008.51,0.74,0.0011
2016-09-10,72.95458333333333,65.7,1009.61,82.45,65.81,0.89,0.63,72.86,56.36,1015.22,1004.9,0.79,0.0046
2016-09-09,74.50750000000001,62.31,1013.38,82.47,67.36,0.9,0.49,67.53,55.29,1015.5,1010.1,0.0,0.0
2016-09-08,78.06625,71.14,1008.89,86.29,72.92,0.94,0.6,74.92,67.86,1012.23,1006.31,0.63,0.0085
2016-09-07,78.77166666666668,70.83,1014.6,89.48,71.2,0.9,0.6,75.15,65.68,1016.3,1012.06,0.41,0.005
2016-09-06,74.09666666666665,64.46,1018.62,85.58,63.71,0.87,0.56,68.85,59.63,1020.62,1016.49,0.0,0.0
2016-09-05,69.75041666666667,59.82,1022.76,82.92,57.1,0.91,0.47,65.35,53.7,1025.06,1019.53,0.0,0.0
2016-09-04,65.59083333333334,54.55,1024.65,76.83,52.62,0.86,0.51,59.08,48.44,1026.03,1023.69,0.0,0.0
2016-09-03,64.77958333333333,51.84,1024.22,74.73,53.7,0.82,0.46,53.67,48.19,1025.6,1022.92,0.0,0.0
2016-09-02,65.19083333333333,52.06,1023.12,74.84,56.47,0.8,0.46,54.69,50.51,1024.65,1020.99,0.0,0.0
2016-09-01,65.65875,55.29,1016.81,71.9,58.17,0.85,0.55,56.78,53.31,1020.7,1014.31,0.0,0.0
2016-08-31,74.17125,63.0,1013.21,81.87,66.71,0.86,0.42,67.65,56.18,1015.09,1011.27,0.0,0.0
2016-08-30,72.25916666666667,61.36,1019.28,83.53,60.42,0.87,0.51,65.22,56.61,1022.61,1015.52,0.0,0.0
2016-08-29,71.91125,61.32,1023.08,79.63,64.41,0.85,0.54,65.2,58.45,1024.69,1021.81,0.0,0.0
2016-08-28,77.01375,67.22,1019.98,88.0,70.02,0.88,0.52,71.66,63.26,1021.33,1018.8,0.02,0.0001
2016-08-27,71.99541666666666,60.0,1021.96,80.4,61.78,0.85,0.52,62.9,56.85,1023.42,1020.7,0.0,0.0
2016-08-26,75.33291666666666,65.13,1017.25,83.27,67.24,0.92,0.53,69.89,60.47,1020.69,1013.04,0.0,0.0
2016-08-25,76.86208333333332,69.85,1012.98,86.7,71.76,0.94,0.52,73.51,64.72,1014.21,1012.21,0.76,0.0134
2016-08-24,73.37999999999998,61.53,1019.82,83.48,60.09,0.88,0.52,65.93,56.18,1023.18,1015.08,0.0,0.0
2016-08-23,69.475,56.72,1023.41,81.23,55.67,0.83,0.5,62.37,49.17,1024.67,1022.1,0.0,0.0
2016-08-22,65.41749999999999,50.14,1019.14,74.43,54.7,0.84,0.38,53.95,47.02,1022.38,1013.16,0.0,0.0
2016-08-21,74.80874999999999,62.53,1005.52,80.55,64.87,0.86,0.46,70.5,52.81,1012.46,1001.32,0.64,0.003
2016-08-20,77.04583333333333,69.04,1008.43,87.76,70.22,0.91,0.52,71.88,66.86,1011.28,1003.3,0.3,0.0006
2016-08-19,74.24374999999999,65.71,1013.96,84.61,64.32,0.91,0.53,69.37,61.07,1015.95,1011.31,0.0,0.0
2016-08-18,73.75666666666667,65.82,1015.94,82.5,67.01,0.9,0.59,67.58,63.55,1016.85,1015.14,0.0,0.0
2016-08-17,69.78083333333335,62.69,1017.55,79.21,60.71,0.93,0.63,65.95,58.3,1019.81,1015.19,0.0,0.0
2016-08-16,72.65208333333334,67.88,1014.7,79.62,67.38,0.94,0.71,73.07,60.86,1020.85,1007.46,1.0,0.0338
2016-08-15,71.19458333333334,61.82,1021.38,78.17,61.67,0.93,0.58,64.05,59.09,1023.01,1019.22,0.0,0.0
2016-08-14,74.95125,66.34,1013.52,81.2,69.89,0.93,0.58,72.05,63.19,1018.63,1008.36,0.0,0.0
2016-08-13,76.07125,72.3,1008.55,79.42,73.88,0.93,0.77,75.31,70.3,1010.6,1006.37,0.88,0.0454
2016-08-12,83.62166666666666,72.73,1008.99,92.01,77.61,0.88,0.49,75.9,70.32,1010.9,1007.1,0.0,0.0
2016-08-11,81.19458333333334,67.68,1015.82,91.19,70.64,0.8,0.47,73.36,63.24,1018.25,1011.61,0.0,0.0
2016-08-10,81.86375000000001,66.14,1016.88,91.2,70.43,0.85,0.44,69.38,59.82,1018.01,1016.0,0.0,0.0
2016-08-09,74.88624999999999,58.03,1018.65,87.13,60.74,0.75,0.41,63.32,51.35,1020.46,1016.28,0.0,0.0
2016-08-08,73.33541666666666,55.36,1018.71,83.08,62.28,0.82,0.36,60.66,51.85,1020.09,1016.62,0.0,0.0
2016-08-07,73.24999999999999,56.47,1013.99,82.35,64.87,0.78,0.38,62.12,51.75,1016.43,1011.75,0.0,0.0
2016-08-06,75.58041666666666,59.22,1009.14,84.36,66.28,0.77,0.38,63.51,56.01,1011.32,1007.27,0.0,0.0
2016-08-05,80.07708333333333,70.56,1009.49,87.09,74.93,0.82,0.59,73.1,67.21,1013.2,1005.79,0.43,0.0013
2016-08-04,78.03125000000001,65.44,1016.52,88.98,65.51,0.9,0.39,70.08,60.76,1018.18,1013.19,0.0,0.0
2016-08-03,75.15541666666667,62.99,1018.77,85.14,63.01,0.85,0.5,67.53,58.29,1019.81,1017.58,0.0,0.0
2016-08-02,74.60333333333332,61.2,1019.35,83.8,64.4,0.87,0.46,64.2,57.23,1020.56,1018.6,0.0,0.0
2016-08-01,74.53125,62.89,1017.94,81.6,67.02,0.81,0.54,66.62,58.98,1018.8,1017.1,0.0,0.0
2016-07-31,72.08541666666666,60.98,1017.04,76.29,69.08,0.83,0.61,66.56,55.47,1017.88,1016.15,0.39,0.0013
2016-07-30,72.16666666666666,56.72,1017.05,79.31,66.19,0.68,0.48,59.13,54.19,1018.11,1016.24,0.0,0.0
2016-07-29,74.12249999999997,60.35,1014.32,81.38,66.74,0.81,0.5,64.96,57.01,1015.84,1012.66,0.47,0.0016
2016-07-28,76.50291666666666,65.59,1012.61,85.02,68.89,0.9,0.52,68.49,62.17,1013.54,1011.5,0.0,0.0
2016-07-27,73.74708333333335,63.98,1013.44,88.03,63.72,0.9,0.48,69.34,58.25,1014.56,1011.29,0.57,0.0092
2016-07-26,75.31833333333333,61.36,1014.19,83.07,65.63,0.81,0.48,64.07,59.25,1015.84,1012.13,0.0,0.0
2016-07-25,77.0166666666667,67.61,1010.37,87.16,71.75,0.94,0.44,74.21,60.74,1012.06,1008.95,0.8,0.0208
2016-07-24,73.96583333333332,62.27,1015.2,78.97,67.2,0.78,0.59,65.08,59.55,1016.8,1012.89,0.0,0.0
2016-07-23,81.02708333333332,59.25,1012.57,90.7,71.52,0.63,0.34,61.93,57.45,1014.99,1011.21,0.0,0.0
2016-07-22,83.27,64.3,1010.57,95.22,70.84,0.84,0.28,71.33,56.27,1011.76,1008.72,0.0,0.0
2016-07-21,76.18708333333333,61.75,1017.0,87.28,62.44,0.8,0.44,69.63,54.72,1020.64,1011.04,0.0,0.0
2016-07-20,69.75791666666665,52.33,1023.22,80.28,57.19,0.8,0.37,55.23,48.0,1025.08,1020.78,0.0,0.0
2016-07-19,69.68250000000002,50.06,1021.66,78.15,58.4,0.72,0.35,55.19,46.58,1023.14,1019.33,0.0,0.0
2016-07-18,77.51,60.09,1014.63,85.92,67.76,0.84,0.35,69.49,49.18,1018.93,1012.63,0.0,0.0
2016-07-17,68.69208333333333,55.08,1019.03,79.35,56.63,0.85,0.41,61.01,51.96,1021.27,1014.65,0.0,0.0
2016-07-16,65.52749999999999,55.21,1018.19,73.06,58.62,0.84,0.56,56.84,53.0,1019.84,1015.56,0.0,0.0
2016-07-15,72.31208333333333,62.0,1010.41,80.04,63.75,0.9,0.51,65.82,56.54,1014.75,1008.19,0.0,0.0
2016-07-14,75.72791666666667,68.34,1007.31,83.14,70.44,0.93,0.6,71.23,65.6,1009.2,1005.93,1.0,0.0123
2016-07-13,79.96041666666666,68.17,1011.19,88.9,71.3,0.79,0.55,72.6,64.32,1012.91,1008.51,0.0,0.0
2016-07-12,75.52791666666667,62.27,1015.11,87.65,66.09,0.78,0.48,65.6,55.16,1017.59,1011.82,0.0,0.0
2016-07-11,71.52833333333332,57.88,1018.8,78.97,63.43,0.86,0.42,63.33,52.95,1020.45,1017.1,0.0,0.0
2016-07-10,72.34333333333332,58.2,1014.65,82.15,62.06,0.84,0.42,62.44,56.61,1016.81,1010.56,0.04,0.0001
2016-07-09,72.73666666666666,63.73,1006.81,80.44,68.26,0.92,0.51,67.23,59.63,1010.26,1004.23,0.48,0.0023
2016-07-08,74.75541666666668,67.55,1008.18,81.42,69.04,0.89,0.68,70.17,64.91,1009.61,1005.65,0.67,0.0138
2016-07-07,79.805,67.61,1008.17,87.29,71.25,0.83,0.52,70.78,64.77,1009.84,1007.1,0.15,0.0006
2016-07-06,77.29124999999999,62.98,1009.9,88.53,65.05,0.82,0.44,65.36,59.24,1011.43,1007.67,0.0,0.0
2016-07-05,75.66833333333334,56.87,1009.29,84.95,63.95,0.66,0.41,63.12,51.21,1010.4,1008.58,0.0,0.0
2016-07-04,71.37041666666666,51.35,1014.68,83.53,56.7,0.8,0.3,53.7,48.93,1017.35,1010.0,0.0,0.0
2016-07-03,70.51041666666666,50.71,1017.79,81.02,55.15,0.79,0.34,52.4,48.61,1019.1,1016.17,0.0,0.0
2016-07-02,67.01375,51.12,1016.87,77.3,54.45,0.85,0.39,53.12,48.93,1018.01,1015.03,0.0,0.0
2016-07-01,64.39166666666667,54.61,1011.58,70.52,59.2,0.83,0.52,60.52,47.59,1014.28,1008.96,0.83,0.0068
2016-06-30,69.26708333333333,47.16,1015.96,80.12,53.19,0.73,0.3,49.69,44.91,1017.71,1014.19,0.0,0.0
2016-06-29,69.30458333333333,51.83,1014.9,78.9,61.13,0.77,0.36,56.99,46.7,1015.99,1014.16,0.0,0.0
2016-06-28,68.44625,57.44,1013.48,73.11,62.92,0.77,0.6,60.81,52.16,1014.8,1012.03,0.0,0.0
2016-06-27,78.77833333333334,63.61,1011.65,90.37,69.64,0.91,0.32,69.23,56.35,1013.08,1009.69,0.8,0.0038
2016-06-26,75.64333333333332,60.8,1016.83,87.08,63.01,0.84,0.47,68.3,52.19,1020.19,1012.92,0.81,0.0025
2016-06-25,71.66208333333333,51.16,1020.65,83.0,58.01,0.74,0.33,53.1,48.72,1022.18,1019.3,0.0,0.0
2016-06-24,69.93541666666667,50.3,1017.85,79.58,58.96,0.67,0.37,54.06,47.33,1019.12,1015.24,0.0,0.0
2016-06-23,66.1275,46.41,1012.82,74.68,55.37,0.7,0.36,48.59,44.22,1015.34,1011.86,0.0,0.0
2016-06-22,67.845,48.33,1011.36,76.5,59.74,0.77,0.35,53.32,43.09,1013.01,1008.6,0.57,0.0004
2016-06-21,69.87541666666667,45.54,1010.81,78.08,57.67,0.58,0.33,51.03,41.56,1012.93,1008.19,0.0,0.0
2016-06-20,77.77333333333335,61.38,1013.85,86.4,68.52,0.67,0.47,67.7,51.13,1020.01,1006.71,0.27,0.0001
2016-06-19,76.33208333333333,56.03,1022.79,88.08,60.91,0.76,0.36,58.16,53.23,1025.01,1020.25,0.0,0.0
2016-06-18,75.39458333333334,52.03,1021.56,87.12,61.13,0.66,0.28,56.44,48.54,1023.45,1017.72,0.0,0.0
2016-06-17,73.13333333333334,49.44,1014.93,83.48,58.01,0.73,0.27,53.56,46.26,1017.5,1010.64,0.0,0.0
2016-06-16,70.88291666666667,51.31,1008.63,80.18,61.58,0.69,0.35,55.12,47.35,1010.37,1007.37,0.17,0.0001
2016-06-15,65.39333333333333,43.54,1013.41,77.99,50.31,0.73,0.28,47.37,40.66,1016.28,1010.09,0.0,0.0
2016-06-14,60.22416666666668,42.07,1016.98,70.5,48.15,0.87,0.33,45.55,37.89,1018.74,1015.28,0.0,0.0
2016-06-13,59.17833333333332,46.77,1015.82,64.9,52.11,0.81,0.49,50.62,43.16,1017.64,1013.59,0.0,0.0
2016-06-12,63.88166666666666,45.78,1012.17,73.48,57.42,0.63,0.46,55.64,41.7,1016.95,1006.69,0.0,0.0
2016-06-11,70.54041666666666,56.58,1008.58,87.56,54.57,0.9,0.42,65.7,43.38,1014.94,1005.36,1.0,0.0172
2016-06-10,61.09541666666667,42.36,1017.96,72.62,48.51,0.72,0.36,45.45,38.42,1020.4,1015.02,0.0,0.0
2016-06-09,56.969583333333325,38.68,1014.18,67.65,45.69,0.74,0.32,43.84,36.43,1016.29,1012.23,0.0,0.0
2016-06-08,53.51125000000001,42.34,1008.04,57.21,48.34,0.78,0.57,44.06,40.42,1012.13,1004.39,0.0,0.0
2016-06-07,61.33166666666667,51.13,1001.49,67.58,54.93,0.9,0.53,55.35,42.09,1004.7,999.61,0.0,0.0
2016-06-06,66.35083333333334,54.3,1000.49,77.29,58.68,0.88,0.39,57.89,50.49,1001.83,999.32,1.0,0.0045
2016-06-05,66.23124999999999,61.36,1000.9,70.67,62.19,0.96,0.59,64.96,53.63,1009.61,997.31,1.0,0.0225
2016-06-04,70.04458333333334,51.56,1014.83,79.86,59.26,0.76,0.36,54.86,48.78,1017.3,1009.94,0.0,0.0
2016-06-03,69.17208333333333,52.92,1016.57,78.64,56.51,0.84,0.42,54.88,50.05,1017.7,1015.6,0.0,0.0
2016-06-02,69.30874999999999,56.37,1013.84,80.21,60.38,0.79,0.51,62.59,49.88,1015.59,1012.54,0.0,0.0
2016-06-01,61.795416666666675,48.52,1019.48,69.08,53.72,0.73,0.52,51.93,44.86,1021.88,1016.17,0.0,0.0
2016-05-31,69.36125,51.17,1015.82,79.39,57.91,0.78,0.35,54.27,47.58,1018.7,1014.3,0.0,0.0
2016-05-30,73.11541666666666,57.27,1012.83,82.25,62.85,0.85,0.37,62.18,49.46,1014.19,1011.95,0.0,0.0
2016-05-29,76.13083333333334,64.52,1015.95,85.99,68.24,0.84,0.53,66.83,60.14,1018.06,1012.89,0.0,0.0
2016-05-28,75.31416666666665,64.08,1017.34,87.0,64.22,0.9,0.5,66.73,60.91,1018.61,1015.94,0.0,0.0
2016-05-27,73.04541666666667,63.88,1014.51,82.43,62.58,0.9,0.58,68.74,59.42,1015.59,1013.48,0.0,0.0
2016-05-26,67.63916666666667,58.33,1015.94,75.56,61.91,0.82,0.63,62.77,54.57,1017.68,1013.66,0.69,0.0016
2016-05-25,70.34083333333332,52.75,1016.19,83.82,57.96,0.71,0.38,57.95,46.6,1017.38,1014.7,0.0,0.0
2016-05-24,69.53958333333334,44.87,1014.6,83.21,54.98,0.59,0.27,47.59,39.81,1015.77,1013.49,0.0,0.0
2016-05-23,66.67541666666666,43.55,1015.67,77.47,52.52,0.63,0.32,47.76,37.71,1017.97,1013.79,0.0,0.0
2016-05-22,64.10041666666665,47.23,1013.69,74.38,55.46,0.72,0.41,51.83,38.41,1015.33,1012.68,0.0,0.0
2016-05-21,62.775,43.07,1016.91,74.23,54.34,0.63,0.36,47.29,38.98,1020.01,1014.28,0.0,0.0
2016-05-20,60.86500000000001,38.9,1023.17,71.95,45.88,0.74,0.26,41.78,35.47,1025.96,1020.01,0.0,0.0
2016-05-19,58.910000000000004,41.41,1021.49,66.67,51.17,0.66,0.4,43.34,39.38,1022.95,1020.62,0.0,0.0
2016-05-18,52.16041666666667,37.47,1022.91,59.86,41.3,0.75,0.49,41.31,32.01,1024.78,1021.16,0.0,0.0
2016-05-17,51.69166666666667,38.61,1021.52,60.6,41.42,0.94,0.36,44.38,30.7,1023.1,1019.13,0.48,0.0002
2016-05-16,47.58458333333332,34.95,1017.49,60.19,35.62,0.92,0.43,46.69,27.41,1019.1,1016.02,1.0,0.0105
2016-05-15,41.09625,29.95,1011.23,45.53,37.07,0.8,0.51,33.81,26.1,1015.78,1008.46,0.18,0.0001
2016-05-14,50.75958333333333,43.78,1004.57,56.74,43.57,0.94,0.61,50.66,30.98,1008.47,998.39,0.88,0.0059
2016-05-13,63.72291666666667,51.36,1007.69,70.36,57.98,0.95,0.45,57.59,46.49,1009.32,1005.23,1.0,0.0104
2016-05-12,61.18583333333333,39.54,1015.99,74.25,45.41,0.64,0.34,44.84,31.26,1020.99,1008.78,0.0,0.0
2016-05-11,56.29583333333332,33.12,1022.2,67.23,42.2,0.6,0.3,36.97,29.09,1023.62,1020.27,0.0,0.0
2016-05-10,52.16791666666666,29.82,1023.77,62.42,40.36,0.62,0.29,34.03,27.55,1025.68,1022.06,0.0,0.0
2016-05-09,48.49125,32.46,1018.57,58.81,37.03,0.86,0.35,35.15,28.62,1022.28,1014.37,0.0,0.0
2016-05-08,48.39416666666667,37.53,1009.16,55.35,40.15,0.85,0.48,44.62,33.78,1013.71,1002.83,0.65,0.002
2016-05-07,55.474999999999994,44.01,1005.57,64.0,46.89,0.82,0.54,48.36,37.89,1009.31,1001.9,0.0,0.0
2016-05-06,59.05458333333333,40.05,1010.54,70.94,46.74,0.77,0.33,44.52,37.37,1012.35,1009.01,0.0,0.0
2016-05-05,54.18083333333334,45.3,1009.31,62.58,47.21,0.86,0.58,48.42,41.56,1010.63,1007.98,0.0,0.0
2016-05-04,51.450416666666655,40.26,1007.21,60.18,40.81,0.82,0.5,43.06,35.82,1008.73,1005.89,0.0,0.0
2016-05-03,49.32333333333332,39.91,1012.27,56.81,39.87,0.89,0.57,43.76,35.92,1015.11,1009.24,0.0,0.0
2016-05-02,47.334583333333335,40.47,1016.02,54.94,43.12,0.88,0.62,42.29,37.93,1017.52,1015.09,0.14,0.0001
2016-05-01,47.74375,41.32,1016.77,50.78,45.34,0.91,0.41,45.99,27.51,1019.61,1015.4,0.91,0.0061
2016-04-30,49.137916666666655,26.99,1022.2,57.93,36.88,0.71,0.29,29.2,24.16,1023.75,1019.88,0.0,0.0
2016-04-29,46.38583333333332,27.3,1019.38,53.42,41.32,0.6,0.38,29.54,23.4,1021.23,1018.43,0.0,0.0
2016-04-28,41.57458333333333,24.69,1018.53,46.4,34.69,0.63,0.41,28.64,18.51,1020.02,1016.39,0.0,0.0
2016-04-27,42.40458333333333,24.55,1015.67,53.32,31.59,0.78,0.29,30.23,17.58,1017.51,1013.59,0.0,0.0
2016-04-26,39.407500000000006,33.83,1011.43,45.56,35.71,0.91,0.66,35.12,32.04,1014.2,1007.0,0.83,0.0179
2016-04-25,43.1225,32.15,1016.81,46.17,40.17,0.83,0.52,36.05,27.61,1019.05,1012.51,0.94,0.0082
2016-04-24,44.318749999999994,23.91,1020.6,51.31,37.23,0.58,0.35,27.88,19.59,1022.48,1018.48,0.0,0.0
2016-04-23,46.094166666666666,27.37,1020.06,55.85,37.01,0.77,0.26,39.1,19.01,1022.01,1017.19,0.0,0.0
2016-04-22,55.55416666666668,49.34,1011.73,63.07,47.48,0.92,0.6,55.86,40.2,1016.73,1008.78,1.0,0.0032
2016-04-21,51.836249999999986,33.36,1015.04,62.06,42.86,0.86,0.35,47.93,20.03,1020.74,1010.75,0.66,0.0005
2016-04-20,49.035,24.16,1025.96,58.62,37.59,0.67,0.15,31.5,11.19,1028.47,1021.3,0.0,0.0
2016-04-19,52.64875,34.47,1024.65,62.71,44.4,0.77,0.32,42.39,27.37,1026.59,1020.41,0.0,0.0
2016-04-18,61.268750000000004,37.61,1024.42,73.46,45.79,0.64,0.29,41.59,32.76,1027.57,1019.57,0.0,0.0
2016-04-17,56.03791666666667,29.85,1030.41,70.12,39.49,0.61,0.24,32.96,26.52,1032.47,1027.49,0.0,0.0
2016-04-16,51.72083333333334,27.87,1031.37,63.72,41.26,0.53,0.29,31.5,22.76,1032.41,1029.91,0.0,0.0
2016-04-15,47.33458333333334,24.33,1029.98,58.17,35.82,0.53,0.27,30.36,19.88,1031.01,1029.0,0.0,0.0
2016-04-14,40.230000000000004,23.15,1030.17,49.61,29.02,0.78,0.35,26.54,20.21,1032.02,1028.63,0.0,0.0
2016-04-13,35.58375,23.77,1031.26,44.66,25.25,0.85,0.44,27.67,21.43,1033.2,1029.52,0.0,0.0
2016-04-12,37.65333333333334,27.6,1021.1,44.57,31.91,0.83,0.53,32.3,21.96,1029.0,1012.74,0.32,0.0002
2016-04-11,41.46916666666667,39.15,1009.66,49.86,33.07,0.95,0.79,47.15,30.62,1015.49,1007.64,0.79,0.0141
2016-04-10,27.049583333333334,17.51,1023.75,32.55,19.05,0.9,0.54,29.98,11.22,1026.56,1016.42,0.02,0.0001
2016-04-09,27.517916666666665,11.93,1015.48,33.25,22.18,0.62,0.39,16.11,9.01,1024.1,1009.14,0.0,0.0
2016-04-08,31.307916666666667,20.3,1003.71,38.53,25.0,0.75,0.47,24.55,16.67,1009.67,998.3,0.0,0.0
2016-04-07,40.96541666666666,35.26,995.1,44.16,33.65,0.91,0.68,40.91,26.13,998.92,990.9,0.88,0.0079
2016-04-06,32.74458333333333,25.04,1014.69,38.17,27.32,0.89,0.55,35.15,15.59,1027.23,999.99,0.85,0.0059
2016-04-05,26.420833333333334,8.87,1029.86,33.87,16.03,0.58,0.36,14.73,4.03,1033.42,1025.08,0.22,0.0003
2016-04-04,25.27208333333333,14.22,1017.1,32.07,20.54,0.88,0.39,20.26,9.04,1024.61,1011.64,0.41,0.0008
2016-04-03,25.59541666666667,15.32,1011.57,31.08,20.44,0.88,0.47,21.17,7.35,1015.75,1001.5,0.22,0.0004
2016-04-02,36.334583333333335,27.11,999.48,41.61,31.63,0.89,0.49,33.59,20.35,1004.39,996.38,0.12,0.0001
2016-04-01,47.83625000000001,40.33,1000.28,55.07,36.4,0.93,0.57,52.45,29.43,1006.1,994.81,0.71,0.0026
2016-03-31,49.84041666666667,45.61,1000.98,56.08,44.55,0.93,0.63,54.09,32.6,1007.19,995.18,1.0,0.0522
2016-03-30,39.35583333333333,25.0,1018.61,49.47,27.57,0.75,0.44,30.83,16.43,1025.08,1008.64,0.0,0.0
2016-03-29,37.27708333333333,18.85,1022.14,45.49,30.77,0.72,0.3,29.87,15.06,1025.16,1015.19,0.0,0.0
2016-03-28,44.010416666666664,39.78,1003.04,50.0,38.87,0.95,0.72,44.65,31.21,1014.61,995.9,1.0,0.0237
2016-03-27,41.80708333333333,33.06,1019.95,55.66,29.23,0.89,0.5,40.67,26.07,1025.68,1009.13,0.21,0.0003
2016-03-26,31.630416666666665,26.14,1026.48,41.51,21.89,0.9,0.65,32.12,18.99,1028.67,1024.4,0.53,0.0071
2016-03-25,31.18541666666667,27.32,1010.82,34.1,27.2,0.94,0.77,32.33,23.28,1023.45,998.78,0.21,0.0009
2016-03-24,30.217083333333335,27.56,1011.43,32.08,28.37,0.92,0.86,29.72,24.93,1020.84,1000.05,0.28,0.0014
2016-03-23,37.39541666666667,32.58,1015.69,40.58,32.65,0.92,0.67,35.92,29.96,1021.34,1008.79,0.43,0.001
2016-03-22,33.49583333333333,25.95,1014.45,40.53,24.67,0.9,0.64,33.74,17.89,1018.01,1009.31,0.66,0.0021
2016-03-21,32.18041666666666,18.84,1015.03,38.12,25.67,0.72,0.4,23.87,15.29,1017.78,1013.2,0.0,0.0
2016-03-20,29.793333333333326,16.27,1020.57,37.74,23.51,0.72,0.44,18.1,12.66,1024.57,1016.19,0.0,0.0
2016-03-19,29.211250000000003,13.34,1023.37,36.09,22.43,0.68,0.41,17.6,10.33,1024.67,1020.29,0.0,0.0
2016-03-18,37.530416666666675,28.08,1013.17,42.88,30.42,0.88,0.42,34.86,16.26,1020.08,1009.4,0.41,0.0002
2016-03-17,41.51958333333334,35.84,1006.81,49.19,34.92,0.94,0.56,38.79,32.52,1009.66,1005.27,0.67,0.0021
2016-03-16,44.23125000000001,41.4,1007.16,49.54,41.83,0.95,0.79,46.76,39.78,1012.28,1002.81,0.85,0.0065
2016-03-15,45.35458333333333,42.13,1009.42,48.76,43.68,0.94,0.81,43.62,39.96,1012.7,1006.62,0.85,0.0088
2016-03-14,43.43958333333333,39.96,1009.32,45.99,40.48,0.95,0.53,44.12,27.09,1014.36,1006.88,0.86,0.023
2016-03-13,44.46782608695652,29.74,1018.57,49.52,37.97,0.8,0.36,35.44,22.49,1020.96,1015.19,0.0,0.0
2016-03-12,42.35875,33.24,1021.12,56.05,28.86,0.92,0.46,37.71,26.5,1027.57,1016.26,0.0,0.0
2016-03-11,39.195833333333326,32.12,1025.77,48.28,35.18,0.87,0.56,34.08,30.34,1029.19,1018.72,0.0,0.0
2016-03-10,48.73416666666668,45.48,1014.65,55.51,38.19,0.93,0.84,50.94,34.22,1018.01,1012.99,0.94,0.0125
2016-03-09,52.062916666666666,44.01,1013.34,62.08,39.68,0.87,0.6,51.28,35.98,1014.51,1011.43,0.0,0.0
2016-03-08,44.24333333333334,37.36,1017.02,51.71,39.0,0.84,0.64,41.08,34.21,1019.16,1013.53,0.0,0.0
2016-03-07,42.43333333333333,34.54,1015.61,49.21,33.5,0.84,0.65,37.8,27.79,1017.77,1014.07,0.0,0.0
2016-03-05,29.025416666666672,19.42,1022.84,34.38,24.77,0.8,0.55,24.12,16.83,1024.61,1021.7,0.13,0.0001
2016-03-04,27.2375,16.98,1022.11,33.83,21.14,0.81,0.49,18.35,15.66,1023.29,1020.25,0.29,0.0006
2016-03-03,17.62666666666667,8.92,1024.15,23.9,10.87,0.82,0.57,15.92,1.48,1026.05,1022.25,0.0,0.0
2016-03-02,17.284999999999997,8.26,1013.51,25.03,12.96,0.82,0.52,10.5,5.68,1023.5,999.9,0.16,0.0003
2016-03-01,17.191666666666666,8.47,1015.51,20.97,13.92,0.84,0.56,12.86,2.73,1022.62,999.21,0.0,0.0
2016-02-29,34.07916666666666,25.13,1004.08,47.74,21.5,0.85,0.54,41.99,8.06,1019.99,992.4,0.67,0.001
2016-02-28,44.92041666666666,35.16,1002.54,53.17,35.87,0.84,0.57,39.27,31.29,1007.8,994.41,0.0,0.0
2016-02-27,32.74333333333333,23.26,1011.98,40.95,20.74,0.75,0.57,32.29,13.67,1019.22,1007.12,0.26,0.0004
2016-02-26,19.726249999999997,9.23,1017.23,26.56,11.53,0.71,0.53,13.09,3.88,1020.32,1009.31,0.0,0.0
2016-02-25,31.256250000000005,26.57,995.15,35.54,22.78,0.94,0.65,33.57,13.09,1008.11,987.91,0.61,0.0024
2016-02-24,33.055416666666666,28.82,1006.13,35.89,30.72,0.92,0.53,33.68,15.79,1020.49,988.89,0.94,0.0358
2016-02-23,28.875,15.93,1024.36,34.98,23.24,0.73,0.48,19.31,10.26,1026.02,1021.25,0.0,0.0
2016-02-22,28.379583333333333,14.18,1024.01,33.14,23.95,0.7,0.44,18.64,9.57,1025.67,1020.59,0.0,0.0
2016-02-21,37.906666666666666,28.07,1015.99,42.62,30.76,0.81,0.52,34.01,17.87,1020.4,1012.09,0.0,0.0
2016-02-20,45.59208333333333,36.25,1004.83,53.08,40.54,0.88,0.53,40.81,33.13,1011.9,998.67,0.73,0.0028
2016-02-19,31.71416666666667,24.04,1016.63,43.56,16.48,0.81,0.67,35.52,9.78,1032.19,998.6,0.41,0.0022
2016-02-18,15.31875,6.15,1034.39,25.06,3.28,0.76,0.53,13.28,-3.29,1037.2,1029.22,0.0,0.0
2016-02-17,26.431250000000002,19.13,1018.05,30.92,14.44,0.88,0.58,25.8,6.83,1028.3,1010.66,0.14,0.0002
2016-02-16,30.50666666666666,26.76,1007.78,32.13,29.35,0.94,0.77,28.5,23.89,1012.91,1004.0,0.21,0.0008
2016-02-15,21.055833333333332,15.13,1019.91,30.96,8.46,0.89,0.62,27.42,2.39,1028.65,1013.03,0.0,0.0
2016-02-14,0.5120833333333332,-8.82,1033.65,11.95,-11.34,0.77,0.53,2.96,-20.42,1035.93,1029.3,0.0,0.0
2016-02-13,-5.00875,-15.26,1027.34,7.39,-13.7,0.67,0.54,-1.47,-23.66,1033.58,1016.71,0.0,0.0
2016-02-12,17.776666666666664,8.52,1015.27,24.58,10.18,0.77,0.58,13.07,2.42,1022.22,1010.63,0.0,0.0
2016-02-11,8.871250000000002,-1.26,1017.78,14.49,1.35,0.72,0.52,2.84,-6.31,1023.2,1010.29,0.0,0.0
2016-02-10,24.590833333333332,17.71,1003.98,30.3,14.36,0.86,0.65,26.0,4.85,1010.04,998.5,0.0,0.0
2016-02-09,29.17208333333333,24.6,999.84,32.4,26.06,0.88,0.77,28.17,19.76,1002.02,998.62,0.0,0.0
2016-02-08,34.84041666666666,28.06,1005.54,37.3,30.39,0.82,0.68,31.72,23.32,1010.18,1002.29,0.0,0.0
2016-02-07,35.22666666666666,27.92,1016.02,41.27,28.36,0.83,0.65,31.59,22.35,1019.97,1010.95,0.0,0.0
2016-02-06,34.58000000000001,23.8,1022.06,38.99,31.01,0.85,0.47,26.99,20.18,1024.65,1020.29,0.0,0.0
2016-02-05,30.658749999999998,21.34,1025.44,33.63,25.36,0.76,0.63,24.05,18.79,1026.5,1023.09,0.0,0.0
2016-02-04,35.83625,25.01,1017.59,39.77,30.09,0.79,0.52,33.23,19.44,1023.17,1008.92,0.0,0.0
2016-02-03,44.12291666666667,37.82,1004.44,54.97,34.19,0.94,0.52,49.09,29.99,1013.44,999.3,0.94,0.0152
2016-02-02,34.73416666666667,26.41,1023.09,38.11,32.95,0.81,0.6,28.8,24.51,1028.01,1013.9,0.34,0.0002
2016-02-01,41.380833333333335,32.85,1011.03,49.09,36.75,0.91,0.57,45.65,28.06,1019.88,997.02,0.27,0.0001
2016-01-31,39.389583333333334,35.19,1004.0,48.17,31.08,0.93,0.73,44.69,27.29,1007.68,997.3,0.65,0.0046
2016-01-30,31.821250000000003,24.13,1008.45,40.93,17.89,0.81,0.64,31.25,11.85,1014.8,1003.64,0.1,0.0001
2016-01-29,22.652083333333334,15.69,1006.27,34.03,17.2,0.88,0.62,30.83,8.56,1014.7,998.8,0.0,0.0
2016-01-28,33.07833333333334,26.82,1004.17,35.32,30.87,0.9,0.62,31.65,21.01,1014.02,998.79,0.22,0.0003
2016-01-27,31.855833333333333,22.08,1017.31,34.84,26.77,0.86,0.51,30.51,17.46,1020.71,1013.33,0.12,0.0001
2016-01-26,39.071666666666665,33.11,1008.03,42.91,34.85,0.88,0.69,38.98,28.94,1013.02,1003.77,0.38,0.0006
2016-01-25,33.70499999999999,26.19,1017.35,38.03,29.92,0.8,0.62,29.77,23.54,1020.11,1011.02,0.0,0.0
2016-01-24,23.094583333333333,16.61,1017.47,30.4,13.33,0.83,0.68,22.84,8.63,1019.19,1016.23,0.0,0.0
2016-01-23,17.905,9.05,1020.08,25.15,11.75,0.75,0.51,12.09,5.3,1024.07,1017.34,0.0,0.0
2016-01-22,20.76958333333333,10.7,1026.8,29.46,12.8,0.78,0.5,13.91,7.01,1029.08,1024.26,0.0,0.0
2016-01-21,22.193750000000005,12.86,1025.59,27.41,16.69,0.8,0.51,16.42,7.66,1028.31,1022.22,0.0,0.0
2016-01-20,25.228333333333328,17.09,1023.81,27.67,22.43,0.76,0.62,18.05,16.13,1026.19,1020.91,0.0,0.0
2016-01-19,17.460000000000004,9.23,1022.78,26.61,4.84,0.77,0.6,17.98,-1.08,1026.22,1017.89,0.0,0.0
2016-01-18,14.667083333333336,6.04,1012.56,18.35,11.52,0.8,0.55,8.88,3.33,1017.49,1007.72,0.0,0.0
2016-01-17,26.019583333333333,17.28,1008.39,31.54,15.02,0.78,0.62,24.22,5.68,1010.1,1006.5,0.0,0.0
2016-01-16,32.73250000000001,26.78,1000.63,38.01,25.17,0.95,0.63,36.04,18.05,1009.79,993.3,0.55,0.0046
2016-01-15,31.19583333333333,27.8,1004.41,34.92,26.02,0.92,0.82,32.79,22.53,1010.32,995.99,0.46,0.0011
2016-01-14,23.859583333333337,16.99,1009.75,29.99,17.81,0.87,0.62,22.63,11.94,1012.17,1007.56,0.11,0.0002
2016-01-13,17.623333333333335,9.41,1013.04,21.07,12.95,0.79,0.61,13.38,4.53,1016.2,1008.89,0.0,0.0
2016-01-12,22.959583333333338,16.89,1003.82,30.48,16.42,0.9,0.63,26.13,6.26,1013.65,997.63,0.25,0.0001
2016-01-11,19.949166666666667,9.32,1011.45,23.43,15.31,0.7,0.55,13.81,5.25,1015.73,1003.87,0.0,0.0
2016-01-10,38.285000000000004,35.38,996.53,44.58,24.92,0.97,0.69,43.2,16.11,1009.12,984.62,0.94,0.0475
2016-01-09,41.88333333333333,40.17,1011.46,45.2,37.2,0.97,0.91,42.85,35.19,1012.48,1009.76,0.81,0.0129
2016-01-08,33.46833333333334,28.53,1017.76,38.32,26.66,0.9,0.75,34.2,23.82,1022.4,1012.68,0.63,0.0013
2016-01-07,29.81,23.72,1024.48,38.22,22.21,0.88,0.66,28.09,18.15,1026.19,1022.4,0.0,0.0
2016-01-06,28.691666666666663,18.87,1028.58,35.87,21.31,0.8,0.48,23.12,15.97,1031.68,1026.23,0.0,0.0
2016-01-05,16.00625,7.15,1036.24,27.02,3.87,0.75,0.53,19.44,-2.53,1039.07,1031.79,0.0,0.0
2016-01-04,8.711666666666668,-1.78,1029.66,12.5,5.79,0.69,0.52,2.05,-3.74,1037.49,1020.76,0.0,0.0
2016-01-03,28.657916666666665,20.73,1010.67,35.45,11.82,0.8,0.65,29.12,2.26,1020.47,1005.01,0.0,0.0
2016-01-02,30.11375,22.77,1013.27,33.91,26.3,0.8,0.69,26.77,18.17,1017.26,1006.33,0.0,0.0
2016-01-01,30.131666666666664,22.64,1015.79,32.36,27.26,0.83,0.65,27.2,19.18,1017.71,1014.04,0.0,0.0
2015-12-31,34.21375,28.84,1019.28,35.39,32.5,0.9,0.68,32.35,24.68,1020.35,1018.12,0.0,0.0
2015-12-30,36.36291666666666,32.86,1020.19,39.8,34.58,0.94,0.77,34.02,31.91,1022.4,1018.19,0.48,0.001
2015-12-29,33.585,31.88,1013.3,36.41,24.42,0.96,0.88,35.04,21.3,1019.73,1009.99,0.85,0.0227
2015-12-28,23.260833333333334,14.52,1031.0,29.79,20.3,0.86,0.57,23.1,9.24,1035.63,1020.78,0.0,0.0
2015-12-27,35.47500000000001,31.72,1018.22,37.59,30.93,0.93,0.76,35.54,24.82,1026.99,1012.5,0.87,0.0045
2015-12-26,35.39541666666667,30.31,1029.48,39.3,29.95,0.9,0.72,35.22,26.52,1034.32,1019.55,0.42,0.0005
2015-12-25,42.94666666666669,35.91,1023.25,49.58,34.84,0.87,0.61,39.72,29.32,1030.73,1019.11,0.0,0.0
2015-12-24,51.445833333333326,41.97,1008.5,56.37,41.51,0.94,0.39,52.89,30.99,1019.09,998.0,0.47,0.0006
2015-12-23,48.122083333333336,46.24,1010.48,54.5,41.13,0.97,0.87,52.46,40.0,1016.78,1000.66,0.0,0.0
2015-12-22,48.26124999999999,46.4,1010.22,54.0,44.86,0.96,0.88,50.58,42.83,1016.06,1007.31,0.77,0.0023
2015-12-21,43.02375,37.02,1013.08,46.22,40.35,0.96,0.59,44.69,28.93,1017.96,1010.17,0.69,0.0055
2015-12-20,33.93375000000001,23.09,1026.45,39.85,27.63,0.7,0.6,28.93,18.04,1031.08,1018.19,0.0,0.0
2015-12-19,28.900000000000002,18.24,1017.87,30.57,26.56,0.68,0.59,20.22,16.2,1026.0,1011.56,0.0,0.0
2015-12-18,35.279583333333335,23.25,1009.88,37.34,31.29,0.67,0.55,27.03,20.58,1011.27,1008.11,0.0,0.0
2015-12-17,44.095416666666665,37.82,1006.19,49.12,37.9,0.92,0.62,45.35,27.98,1008.96,1004.54,0.58,0.0012
2015-12-16,37.290416666666665,34.14,1015.62,42.81,33.5,0.91,0.81,40.11,30.71,1019.6,1007.73,0.33,0.0007
2015-12-15,44.107916666666675,38.23,1004.55,49.23,36.12,0.87,0.75,45.11,30.97,1015.99,993.75,0.0,0.0
2015-12-14,50.16416666666666,47.3,1001.28,56.54,43.84,0.96,0.82,52.11,41.49,1011.41,992.36,0.76,0.0097
2015-12-13,42.93875,39.0,1019.21,46.4,41.09,0.93,0.8,41.27,36.89,1022.08,1012.69,0.18,0.0001
2015-12-12,42.45041666666666,37.14,1018.87,48.28,33.4,0.9,0.7,41.4,30.76,1021.4,1016.08,0.0,0.0
2015-12-11,49.25791666666667,40.89,1007.19,54.18,43.81,0.85,0.56,44.95,35.78,1015.52,1003.16,0.0,0.0
2015-12-10,45.918749999999996,41.92,1009.06,48.66,40.22,0.91,0.8,44.42,37.57,1012.0,1004.86,0.0,0.0
2015-12-09,45.0675,40.36,1010.28,50.75,38.17,0.92,0.73,44.95,36.09,1014.97,1006.23,0.55,0.0006
2015-12-08,40.401250000000005,34.89,1018.66,42.52,38.6,0.9,0.72,36.92,33.74,1021.25,1015.11,0.0,0.0
2015-12-07,36.61958333333334,33.86,1022.64,41.11,31.02,0.96,0.86,37.81,28.95,1023.59,1021.67,0.0,0.0
2015-12-06,35.31125,32.67,1029.26,38.65,32.94,0.93,0.87,35.11,30.34,1035.08,1023.74,0.0,0.0
2015-12-05,38.71791666666667,33.83,1037.52,44.2,34.08,0.89,0.72,37.96,30.1,1039.57,1035.57,0.0,0.0
2015-12-04,41.791666666666664,32.78,1029.75,43.93,39.97,0.74,0.68,34.2,31.47,1036.14,1023.5,0.0,0.0
2015-12-03,38.64125000000001,32.98,1016.38,42.49,33.87,0.88,0.73,35.51,30.18,1023.94,1009.1,0.0,0.0
2015-12-02,41.08541666666667,36.37,1009.32,46.31,34.87,0.96,0.7,45.17,30.19,1011.46,1006.43,0.35,0.0001
2015-12-01,40.68791666666666,37.98,1015.2,46.69,31.9,0.96,0.81,45.49,26.99,1023.41,1009.53,0.62,0.0022
2015-11-30,32.76958333333334,24.97,1028.11,36.83,30.4,0.81,0.69,27.7,22.22,1030.66,1024.02,0.0,0.0
2015-11-29,30.979583333333327,24.37,1028.75,38.69,22.01,0.89,0.63,31.03,18.98,1030.8,1027.29,0.0,0.0
2015-11-28,31.759999999999994,26.33,1027.5,35.3,24.46,0.86,0.69,31.28,20.75,1028.63,1026.55,0.0,0.0
2015-11-27,49.528749999999995,42.24,1023.93,57.7,35.58,0.89,0.61,50.01,31.93,1026.9,1020.78,0.71,0.0042
2015-11-26,49.60625000000001,40.32,1030.3,56.45,42.42,0.79,0.63,45.04,35.6,1032.86,1026.19,0.0,0.0
2015-11-25,36.86791666666667,32.45,1033.92,45.1,26.93,0.93,0.72,37.87,24.46,1036.64,1031.79,0.22,0.0001
2015-11-24,35.34875000000001,30.34,1025.54,42.53,29.29,0.89,0.69,33.89,26.44,1031.78,1020.05,0.4,0.0009
2015-11-23,29.584583333333327,22.56,1020.33,36.59,20.66,0.88,0.54,30.4,16.82,1021.54,1019.42,0.0,0.0
2015-11-22,34.87833333333333,27.26,1013.69,42.37,26.63,0.84,0.63,37.95,20.95,1019.69,1001.14,0.54,0.0017
2015-11-21,38.45875,30.95,1017.17,42.84,31.89,0.87,0.66,34.62,24.69,1024.78,1002.59,0.66,0.0015
2015-11-20,39.53875,23.64,1020.27,44.17,30.95,0.77,0.42,25.41,22.45,1024.1,1015.9,0.0,0.0
2015-11-19,55.27041666666668,46.63,1010.3,60.31,45.9,0.91,0.49,54.21,27.9,1014.9,1008.56,0.64,0.0019
2015-11-18,50.984999999999985,44.55,1018.86,54.88,45.85,0.88,0.7,49.27,38.77,1023.71,1011.58,0.66,0.0016
2015-11-17,41.70958333333334,32.28,1028.53,48.18,35.29,0.77,0.46,38.35,28.06,1031.25,1024.28,0.0,0.0
2015-11-16,43.577916666666674,37.25,1025.3,52.84,36.48,0.91,0.61,43.93,33.72,1029.32,1022.09,0.0,0.0
2015-11-15,44.14374999999999,35.4,1021.19,56.37,34.49,0.85,0.56,41.75,28.62,1022.86,1020.14,0.0,0.0
2015-11-14,37.93583333333333,28.91,1020.6,41.77,34.54,0.81,0.59,31.66,26.33,1024.01,1012.19,0.0,0.0
2015-11-13,45.59791666666666,36.64,1002.25,50.82,38.01,0.82,0.55,44.13,32.57,1011.0,995.0,0.0,0.0
2015-11-12,47.28874999999999,43.48,998.67,51.86,40.75,0.95,0.76,48.17,38.21,1011.64,992.28,0.8,0.0049
2015-11-11,48.16291666666667,45.58,1013.78,52.51,41.2,0.94,0.84,48.79,38.56,1015.29,1011.5,0.92,0.007
2015-11-10,44.029583333333335,40.44,1018.28,49.88,34.63,0.94,0.77,47.21,31.28,1023.51,1013.22,0.79,0.0177
2015-11-09,40.72291666666667,33.01,1027.16,51.74,31.37,0.86,0.57,37.53,27.44,1029.08,1023.99,0.08,0.0001
2015-11-08,42.12458333333333,34.54,1027.79,50.77,34.8,0.88,0.56,37.22,31.59,1029.83,1023.95,0.0,0.0
2015-11-07,46.099999999999994,38.34,1018.96,53.68,39.4,0.85,0.53,42.32,34.15,1023.44,1016.29,0.0,0.0
2015-11-06,58.67208333333334,51.68,1009.38,65.87,49.42,0.94,0.59,58.67,42.49,1015.39,1003.43,0.58,0.0027
2015-11-05,56.79749999999999,51.58,1018.66,68.38,48.92,0.89,0.69,58.38,45.5,1021.21,1014.22,0.0,0.0
2015-11-04,53.46458333333333,47.87,1023.29,62.45,48.13,0.91,0.64,51.08,45.55,1025.02,1021.24,0.0,0.0
2015-11-03,54.05125,46.44,1020.86,66.95,44.01,0.92,0.56,51.03,41.4,1024.52,1017.05,0.0,0.0
2015-11-02,49.57791666666666,41.99,1017.78,58.55,39.95,0.91,0.58,44.73,36.85,1019.35,1015.01,0.0,0.0
2015-11-01,52.617999999999995,45.34,1008.0,58.72,47.52,0.93,0.56,50.29,41.86,1014.8,1003.47,0.77,0.0094
2015-10-31,41.66041666666666,36.43,1018.46,50.1,30.62,0.9,0.72,43.3,27.32,1021.62,1010.78,0.35,0.0003
2015-10-30,43.26125,34.35,1015.78,48.89,35.95,0.81,0.58,40.74,30.58,1020.91,1004.79,0.0,0.0
2015-10-29,49.622083333333336,40.55,998.64,57.71,45.65,0.97,0.48,56.27,29.74,1004.14,994.97,0.63,0.0007
2015-10-28,51.177916666666654,48.36,1009.86,57.96,46.09,0.97,0.7,56.78,36.78,1026.08,995.96,0.82,0.1045
2015-10-27,43.67625,36.11,1031.57,51.51,36.2,0.89,0.6,39.97,32.38,1034.23,1026.89,0.0,0.0
2015-10-26,41.64291666666667,34.44,1032.25,49.57,34.02,0.88,0.62,37.95,30.45,1034.01,1029.0,0.0,0.0
2015-10-25,51.15916666666666,43.08,1019.7,57.29,42.1,0.95,0.52,55.63,36.37,1028.96,1007.46,0.71,0.0114
2015-10-24,49.11666666666667,43.91,1016.73,56.85,43.0,0.94,0.72,55.24,36.68,1025.19,1007.45,0.82,0.0107
2015-10-23,41.54125,31.15,1028.07,48.64,32.89,0.79,0.54,36.79,27.24,1030.23,1025.8,0.0,0.0
2015-10-22,54.37625,45.18,1019.21,61.16,47.82,0.93,0.5,50.62,38.39,1025.09,1014.6,0.81,0.0034
2015-10-21,50.70125000000001,43.91,1022.99,55.38,48.57,0.91,0.65,50.15,37.42,1025.86,1017.76,0.39,0.0002
2015-10-20,56.10708333333334,46.24,1018.27,61.71,51.19,0.82,0.55,50.16,43.46,1021.94,1015.61,0.82,0.0048
2015-10-19,43.035833333333336,33.67,1023.46,57.23,27.64,0.84,0.52,44.21,23.34,1029.81,1014.9,0.75,0.0041
2015-10-18,36.158750000000005,25.88,1027.78,42.69,30.05,0.82,0.51,27.3,24.43,1030.29,1025.43,0.0,0.0
2015-10-17,37.4175,27.21,1023.11,43.7,31.21,0.83,0.51,33.63,23.75,1025.85,1019.04,0.0,0.0
2015-10-16,46.458333333333336,39.81,1014.95,53.98,40.17,0.87,0.65,44.45,32.71,1018.64,1010.54,0.69,0.0053
2015-10-15,49.73416666666668,41.89,1010.91,61.78,40.74,0.85,0.53,46.74,35.64,1013.27,1007.78,0.73,0.005
2015-10-14,50.745000000000005,41.3,1008.5,54.92,44.65,0.81,0.55,48.74,36.43,1013.85,1002.23,0.0,0.0
2015-10-13,59.79999999999999,51.8,996.65,62.12,55.95,0.88,0.58,57.39,46.6,1001.86,993.7,0.47,0.0005
2015-10-12,63.735833333333346,53.31,1003.24,71.35,57.77,0.85,0.49,56.06,50.38,1006.26,997.73,0.39,0.0013
2015-10-11,60.35291666666666,49.53,1008.66,69.77,51.94,0.81,0.53,54.49,46.23,1013.85,1005.14,0.0,0.0
2015-10-10,49.59375,42.6,1019.88,57.47,38.63,0.91,0.65,48.3,36.05,1023.14,1014.41,0.0,0.0
2015-10-09,53.54291666666668,49.48,1012.12,60.72,45.64,0.95,0.73,56.94,42.03,1019.69,1008.3,0.83,0.0354
2015-10-08,52.0325,42.95,1019.96,58.39,44.64,0.85,0.6,47.91,37.11,1022.47,1014.36,0.7,0.0034
2015-10-07,57.76291666666666,50.8,1017.44,67.09,50.03,0.9,0.65,56.64,45.95,1020.32,1016.4,0.0,0.0
2015-10-06,57.67250000000001,51.96,1019.07,61.08,54.86,0.9,0.74,53.08,49.57,1020.87,1017.34,0.0,0.0
2015-10-05,55.586666666666666,49.01,1022.7,60.37,51.07,0.86,0.72,52.69,44.75,1023.97,1021.05,0.0,0.0
2015-10-04,54.240416666666675,43.65,1026.29,57.95,50.72,0.71,0.62,46.81,39.08,1028.02,1024.27,0.0,0.0
2015-10-03,48.835416666666674,33.6,1030.0,53.38,44.03,0.62,0.47,38.66,29.47,1031.62,1028.45,0.15,0.0002
2015-10-02,48.11708333333333,32.22,1031.08,54.12,41.2,0.7,0.43,33.63,30.73,1032.11,1029.67,0.0,0.0
2015-10-01,49.971250000000005,34.73,1027.41,59.98,41.29,0.73,0.4,36.58,33.07,1030.25,1024.96,0.0,0.0
2015-09-30,56.95583333333334,45.46,1019.12,63.46,50.1,0.85,0.46,53.32,37.47,1024.83,1015.65,0.0,0.0
2015-09-29,65.20916666666666,62.3,1014.33,69.97,58.46,0.94,0.82,67.49,53.17,1015.82,1013.25,0.83,0.0295
2015-09-28,66.74333333333333,63.32,1018.51,69.56,63.95,0.95,0.81,65.52,58.16,1020.96,1015.76,0.6,0.0051
2015-09-27,62.71,55.73,1025.16,68.94,54.75,0.95,0.62,58.61,53.19,1028.27,1021.17,0.0,0.0
2015-09-26,59.91208333333335,48.14,1030.13,68.59,51.37,0.84,0.51,54.72,42.77,1031.95,1028.47,0.0,0.0
2015-09-25,63.35749999999999,51.47,1028.45,71.16,56.79,0.78,0.57,56.4,45.83,1029.61,1027.28,0.0,0.0
2015-09-24,65.08875,58.32,1027.68,73.28,57.22,0.9,0.68,62.5,53.02,1028.92,1025.7,0.0,0.0
2015-09-23,63.29458333333333,55.81,1025.57,74.93,53.62,0.95,0.56,61.3,50.9,1027.36,1024.52,0.0,0.0
2015-09-22,60.97458333333335,54.29,1023.76,71.31,50.6,0.91,0.63,59.25,47.36,1024.97,1022.09,0.0,0.0
2015-09-21,58.025833333333345,49.92,1023.44,67.21,49.74,0.88,0.57,54.18,46.3,1024.94,1022.63,0.0,0.0
2015-09-20,57.24291666666665,48.28,1021.0,65.24,49.38,0.86,0.57,51.8,45.23,1023.3,1015.06,0.0,0.0
2015-09-19,66.84083333333334,61.71,1008.08,74.36,57.95,0.91,0.76,67.28,51.96,1014.43,1003.36,0.69,0.0148
2015-09-18,69.03708333333334,61.51,1013.34,77.59,59.4,0.93,0.63,66.17,55.8,1015.62,1011.51,0.15,0.0001
2015-09-17,69.93499999999999,60.74,1019.45,81.36,58.75,0.92,0.53,63.7,55.48,1022.46,1015.94,0.0,0.0
2015-09-16,69.93333333333334,59.23,1025.11,81.64,57.78,0.87,0.5,62.77,53.96,1027.1,1022.57,0.0,0.0
2015-09-15,66.09625000000001,56.97,1024.51,79.94,53.01,0.89,0.53,64.05,49.57,1025.97,1021.9,0.0,0.0
2015-09-14,61.685,49.85,1017.36,75.08,49.15,0.88,0.44,53.33,45.55,1021.28,1012.86,0.0,0.0
2015-09-13,54.498333333333335,50.71,1008.6,57.06,52.14,0.91,0.8,52.84,48.39,1012.6,1006.71,0.95,0.0232
2015-09-12,56.835,52.5,1010.8,59.53,52.46,0.92,0.77,54.18,49.87,1012.63,1008.7,1.0,0.0422
2015-09-11,64.03916666666667,53.74,1011.5,73.91,56.02,0.82,0.54,59.25,50.32,1012.43,1010.51,0.54,0.0003
2015-09-10,65.51166666666667,51.63,1013.87,74.24,55.0,0.86,0.4,56.94,48.34,1015.39,1012.09,0.0,0.0
2015-09-09,72.12625000000001,64.22,1010.59,75.53,63.6,0.91,0.58,70.14,52.09,1014.02,1007.65,0.8,0.006
2015-09-08,76.87958333333334,71.11,1012.87,83.43,73.14,0.93,0.71,72.91,69.06,1015.27,1009.09,0.67,0.0047
2015-09-07,79.49791666666667,69.57,1014.73,89.7,71.09,0.87,0.54,72.24,66.9,1016.66,1012.35,0.08,0.0001
2015-09-06,76.66708333333334,68.65,1018.72,85.21,68.5,0.91,0.61,71.36,65.39,1020.2,1016.41,0.0,0.0
2015-09-05,74.66000000000001,64.42,1020.59,85.27,65.09,0.85,0.56,69.97,53.86,1022.0,1019.24,0.0,0.0
2015-09-04,74.70875,60.67,1018.65,81.91,69.18,0.86,0.41,67.92,54.45,1021.25,1014.99,0.0,0.0
2015-09-03,76.72916666666666,69.97,1013.52,85.04,71.92,0.92,0.66,73.26,66.51,1014.29,1012.51,0.0,0.0
2015-09-02,75.59666666666665,67.75,1015.27,86.27,65.61,0.9,0.59,71.25,62.7,1017.1,1012.58,0.0,0.0
2015-09-01,72.825,66.11,1017.4,81.78,64.56,0.92,0.64,68.81,62.0,1018.71,1016.09,0.0,0.0
2015-08-31,73.57249999999999,65.42,1016.04,83.11,64.43,0.92,0.59,68.24,61.58,1017.1,1015.28,0.0,0.0
2015-08-30,70.96791666666668,63.05,1017.62,78.91,65.43,0.87,0.62,65.94,60.91,1019.08,1015.97,0.0,0.0
2015-08-29,65.61458333333334,59.62,1020.17,75.45,57.73,0.93,0.66,63.49,55.01,1021.27,1018.64,0.0,0.0
2015-08-28,62.568333333333335,54.45,1021.91,73.28,50.99,0.92,0.56,57.74,48.4,1023.45,1020.68,0.0,0.0
2015-08-27,62.658750000000005,54.09,1019.89,68.15,57.45,0.86,0.61,55.16,53.14,1021.62,1017.86,0.0,0.0
2015-08-26,63.59250000000002,54.83,1015.7,68.7,60.09,0.81,0.62,56.4,53.17,1017.97,1013.8,0.15,0.0001
2015-08-25,64.01833333333333,53.68,1011.83,69.18,59.71,0.81,0.56,55.12,52.58,1014.31,1009.94,0.29,0.0001
2015-08-24,69.79625,59.43,1009.11,73.7,65.89,0.87,0.55,64.78,53.92,1010.23,1007.23,0.33,0.0012
2015-08-23,66.82249999999999,59.25,1015.62,76.25,56.71,0.91,0.61,62.84,53.78,1019.49,1010.06,0.0,0.0
2015-08-22,65.35083333333333,55.81,1021.41,76.21,53.59,0.92,0.54,58.43,50.93,1023.05,1019.89,0.0,0.0
2015-08-21,66.77208333333333,56.56,1017.23,72.56,61.56,0.81,0.57,58.34,54.8,1020.39,1012.84,0.0,0.0
2015-08-20,73.6625,67.78,1008.36,76.07,68.8,0.91,0.65,71.49,58.92,1012.45,1006.2,0.8,0.016
2015-08-19,75.40208333333334,69.1,1011.2,82.75,69.73,0.93,0.66,71.35,66.05,1012.85,1008.72,0.0,0.0
2015-08-18,74.325,68.15,1013.98,79.77,70.13,0.88,0.7,72.01,66.09,1015.19,1012.21,0.13,0.0001
2015-08-17,77.98375,68.88,1016.37,88.42,69.39,0.91,0.56,71.77,66.19,1017.66,1014.62,0.0,0.0
2015-08-16,75.95583333333332,66.47,1018.84,85.18,65.63,0.9,0.55,69.15,62.57,1020.64,1016.84,0.0,0.0
2015-08-15,73.97166666666668,65.75,1018.81,83.2,64.32,0.92,0.59,67.6,61.85,1020.07,1016.9,0.0,0.0
2015-08-14,71.96249999999999,67.06,1016.41,75.79,68.65,0.91,0.79,69.91,63.18,1017.38,1015.29,0.6,0.0041
2015-08-13,67.90291666666666,56.69,1016.49,78.06,54.92,0.84,0.51,64.77,49.9,1017.82,1014.93,0.0,0.0
2015-08-12,67.16916666666665,55.95,1014.31,74.07,61.46,0.88,0.47,59.92,48.87,1016.41,1012.01,0.0,0.0
2015-08-11,70.18583333333332,62.98,1009.01,77.82,64.68,0.95,0.62,64.84,58.39,1011.94,1006.78,0.31,0.0005
2015-08-10,65.64041666666667,59.54,1012.19,75.65,57.32,0.94,0.65,64.61,52.39,1015.62,1008.22,0.96,0.0501
2015-08-09,68.02083333333333,55.91,1017.55,76.73,57.21,0.88,0.51,59.26,52.86,1018.77,1015.93,0.0,0.0
2015-08-08,66.30999999999999,55.83,1017.42,73.24,60.19,0.79,0.55,59.28,53.58,1018.69,1015.58,0.0,0.0
2015-08-07,67.79041666666667,56.61,1015.29,75.94,59.1,0.85,0.5,60.45,54.14,1015.9,1014.39,0.0,0.0
2015-08-06,65.83416666666666,55.21,1015.91,74.98,55.16,0.87,0.52,59.9,51.06,1017.05,1014.46,0.0,0.0
2015-08-05,65.45125,55.03,1014.64,73.91,57.06,0.91,0.51,59.93,51.44,1016.87,1013.11,0.0,0.0
2015-08-04,67.50458333333336,58.45,1010.86,75.48,62.65,0.94,0.55,62.12,55.71,1012.52,1008.5,0.87,0.0043
2015-08-03,69.84833333333331,58.77,1005.66,79.87,62.08,0.95,0.39,63.6,52.98,1008.6,1003.08,1.0,0.0247
2015-08-02,68.64833333333333,59.28,1008.46,82.4,59.4,0.92,0.44,63.16,55.82,1010.4,1003.9,1.0,0.0308
2015-08-01,69.66250000000002,57.44,1009.6,77.36,62.43,0.82,0.48,60.37,55.71,1010.64,1008.35,0.4,0.0036
2015-07-31,73.42791666666666,58.34,1009.63,82.46,62.78,0.75,0.43,61.43,54.33,1011.79,1006.75,0.17,0.0001
2015-07-30,79.58666666666667,60.73,1009.46,86.86,72.49,0.78,0.33,68.92,51.04,1010.5,1008.21,0.0,0.0
2015-07-29,78.60333333333332,64.83,1013.2,90.34,68.06,0.79,0.44,68.58,60.77,1015.61,1009.79,0.0,0.0
2015-07-28,78.76708333333333,62.33,1015.79,89.12,66.59,0.86,0.37,66.02,57.08,1016.88,1014.24,0.0,0.0
2015-07-27,77.515,61.85,1015.36,88.91,64.55,0.85,0.4,64.42,59.92,1016.5,1014.28,0.0,0.0
2015-07-26,75.29916666666666,64.04,1013.14,86.22,63.26,0.93,0.49,67.76,61.29,1014.79,1011.14,0.0,0.0
2015-07-25,74.08958333333334,64.08,1012.08,83.04,67.14,0.85,0.58,68.69,55.52,1013.71,1009.45,0.48,0.003
2015-07-24,71.99416666666667,53.71,1014.69,83.37,56.27,0.81,0.37,58.44,49.84,1015.82,1013.38,0.0,0.0
2015-07-23,69.41416666666667,50.23,1013.91,80.05,54.81,0.77,0.36,52.81,47.7,1014.8,1013.06,0.0,0.0
2015-07-22,68.72291666666668,51.71,1010.3,78.2,58.39,0.73,0.4,55.72,48.61,1013.11,1008.01,0.0,0.0
2015-07-21,72.60875,57.85,1005.0,77.86,66.57,0.85,0.41,64.76,52.34,1007.92,1002.7,0.31,0.0001
2015-07-20,73.6704166666667,61.4,1006.58,82.44,60.7,0.85,0.52,63.91,56.14,1008.31,1004.15,0.0,0.0
2015-07-19,78.42625,70.1,1007.45,86.4,71.54,0.9,0.64,72.89,65.06,1009.38,1005.39,0.56,0.0018
2015-07-18,75.04625,68.77,1010.11,84.74,64.97,0.96,0.66,72.52,62.84,1011.81,1008.47,0.12,0.0001
2015-07-17,63.409166666666664,58.19,1013.04,66.01,59.42,0.92,0.7,62.6,51.14,1017.29,1009.01,0.81,0.008
2015-07-16,65.65833333333332,52.36,1018.88,74.34,55.61,0.83,0.44,55.92,50.11,1020.67,1017.14,0.0,0.0
2015-07-15,64.15875000000001,49.82,1012.8,73.2,54.63,0.83,0.44,61.64,46.12,1017.41,1004.71,0.0,0.0
2015-07-14,72.7975,67.13,1000.75,77.57,68.95,0.89,0.73,69.58,62.98,1003.75,999.21,0.55,0.0023
2015-07-13,73.5458333333333,63.25,1009.68,83.04,62.98,0.87,0.57,66.68,59.01,1014.47,1003.79,0.0,0.0
2015-07-12,73.42833333333333,61.17,1016.7,82.54,62.03,0.86,0.49,64.08,57.84,1018.44,1014.17,0.0,0.0
2015-07-11,72.63124999999998,58.57,1019.32,82.63,59.66,0.85,0.43,61.29,55.06,1020.59,1017.89,0.0,0.0
2015-07-10,70.09166666666668,56.04,1017.52,79.86,58.6,0.81,0.42,60.18,52.74,1018.73,1014.95,0.0,0.0
2015-07-09,64.98708333333333,55.97,1014.28,73.5,58.45,0.83,0.61,59.32,52.68,1017.55,1011.5,0.0,0.0
2015-07-08,64.53374999999998,54.89,1017.86,72.29,55.9,0.9,0.55,59.47,52.3,1019.81,1013.47,0.35,0.0001
2015-07-07,71.67916666666667,66.53,1011.33,80.6,63.18,0.9,0.72,71.21,59.87,1013.41,1009.09,0.71,0.013
2015-07-06,72.27208333333336,61.65,1017.5,80.2,61.95,0.87,0.51,64.82,57.88,1019.17,1013.88,0.0,0.0
2015-07-05,70.33874999999999,58.57,1018.86,80.08,59.15,0.85,0.52,62.13,54.53,1020.23,1016.23,0.0,0.0
2015-07-04,67.01916666666666,50.79,1013.94,76.76,53.4,0.77,0.41,54.34,46.25,1015.69,1013.0,0.0,0.0
2015-07-03,64.96041666666667,48.1,1015.26,75.56,54.98,0.72,0.38,51.32,44.96,1016.5,1013.49,0.0,0.0
2015-07-02,64.30291666666666,50.61,1014.58,72.04,55.78,0.87,0.44,55.14,45.28,1015.72,1013.22,0.0,0.0
2015-07-01,65.8925,59.22,1008.1,72.56,60.28,0.96,0.62,60.72,55.52,1012.62,1005.74,0.0,0.0
2015-06-30,62.12499999999999,58.14,1009.86,67.58,57.76,0.94,0.77,61.09,53.38,1012.3,1007.54,0.44,0.0007
2015-06-29,65.92583333333333,57.24,1011.16,75.31,58.63,0.94,0.5,60.16,54.78,1012.39,1008.75,0.0,0.0
2015-06-28,57.627500000000005,55.66,1007.5,61.56,55.11,0.95,0.86,57.8,52.94,1010.28,1006.6,0.87,0.0344
2015-06-27,62.15791666666667,52.94,1015.11,65.63,57.85,0.93,0.58,58.59,48.62,1019.1,1010.61,1.0,0.053
2015-06-26,66.98833333333333,53.44,1018.17,74.96,58.25,0.94,0.42,59.84,47.72,1019.25,1016.48,0.0,0.0
2015-06-25,65.00291666666666,57.76,1017.12,70.8,60.28,0.9,0.63,60.54,54.68,1018.16,1015.61,0.58,0.0026
2015-06-24,67.4375,54.63,1017.73,76.94,57.3,0.86,0.46,56.27,52.96,1019.64,1015.73,0.0,0.0
2015-06-23,70.625,61.88,1008.21,77.52,64.04,0.94,0.56,70.79,55.81,1015.65,1003.29,0.85,0.0774
2015-06-22,69.46583333333332,58.53,1013.5,80.53,58.94,0.86,0.5,60.92,54.71,1016.24,1007.6,0.7,0.0027
2015-06-21,71.57791666666667,60.13,1008.16,81.7,62.57,0.85,0.52,65.37,56.03,1012.58,1006.49,0.0,0.0
2015-06-20,63.45958333333331,50.39,1014.65,74.09,50.24,0.81,0.46,57.29,44.19,1018.66,1009.29,0.0,0.0
2015-06-19,64.56916666666666,52.75,1016.95,69.55,58.1,0.87,0.51,60.48,46.74,1019.07,1012.37,0.0,0.0
2015-06-18,67.98791666666666,55.92,1013.26,78.98,55.93,0.85,0.54,65.19,43.85,1016.96,1009.5,0.26,0.0019
2015-06-17,65.28333333333335,47.19,1020.19,72.19,58.0,0.75,0.37,54.55,42.43,1022.86,1017.15,0.0,0.0
2015-06-16,71.22666666666667,61.19,1013.29,79.34,63.74,0.95,0.43,66.51,54.05,1019.1,1009.59,0.8,0.0167
2015-06-15,68.99708333333332,65.54,1012.94,77.98,63.16,0.97,0.75,69.4,61.61,1014.18,1011.44,0.0,0.0
2015-06-14,63.42166666666666,58.09,1015.88,68.51,58.55,0.95,0.68,63.09,53.86,1017.81,1013.03,1.0,0.0099
2015-06-13,65.00291666666668,56.87,1017.58,74.49,57.2,0.94,0.53,60.74,54.23,1019.37,1014.61,0.0,0.0
2015-06-12,62.28249999999999,58.33,1012.29,65.14,59.35,0.94,0.72,60.53,55.82,1014.54,1008.67,0.97,0.0274
2015-06-11,66.28499999999998,55.11,1012.22,75.41,55.48,0.85,0.51,58.48,51.0,1014.87,1007.0,0.0,0.0
2015-06-10,64.045,57.74,1006.01,74.7,53.46,0.92,0.67,65.5,50.97,1008.41,1000.76,0.76,0.0074
2015-06-09,65.8025,58.12,1004.68,73.38,61.58,0.95,0.48,60.65,52.48,1008.01,1002.16,0.51,0.0006
2015-06-08,66.51541666666665,62.76,1003.57,71.46,63.03,0.95,0.75,65.53,58.56,1005.89,1002.43,0.77,0.0396
2015-06-07,58.71291666666667,46.71,1014.74,70.75,45.99,0.85,0.47,57.58,39.1,1020.89,1006.4,0.62,0.002
2015-06-06,58.440416666666664,44.79,1020.92,64.05,50.93,0.8,0.46,56.0,41.16,1023.09,1017.08,0.0,0.0
2015-06-05,64.75916666666667,59.37,1015.52,73.76,57.14,0.91,0.7,64.42,54.34,1017.36,1013.18,0.54,0.0082
2015-06-04,62.635833333333345,52.67,1019.76,72.44,52.69,0.81,0.59,57.73,45.07,1021.45,1017.87,0.0,0.0
2015-06-03,58.13875000000001,44.75,1022.77,68.08,45.55,0.88,0.41,49.13,41.5,1024.65,1020.5,0.0,0.0
2015-06-02,55.96291666666667,47.49,1022.67,63.63,46.86,0.91,0.59,50.13,44.2,1023.6,1021.28,0.0,0.0
2015-06-01,54.13666666666666,46.21,1022.47,60.29,47.41,0.85,0.65,48.96,42.23,1023.02,1021.48,0.19,0.0001
2015-05-31,49.059583333333336,45.58,1022.47,58.83,46.21,0.93,0.8,56.73,42.84,1025.33,1016.59,0.95,0.0301
2015-05-30,68.62125,62.08,1014.61,79.83,60.25,0.93,0.64,68.93,54.16,1016.49,1012.87,0.83,0.0318
2015-05-29,67.94791666666667,54.39,1021.95,77.41,56.69,0.83,0.48,56.49,50.84,1025.21,1016.93,0.0,0.0
2015-05-28,67.63041666666668,54.7,1021.26,77.39,59.0,0.85,0.46,57.53,53.0,1025.22,1015.34,0.0,0.0
2015-05-27,70.05333333333333,60.79,1014.11,78.88,64.11,0.88,0.53,64.24,57.31,1015.23,1013.06,0.0,0.0
2015-05-26,72.955,61.9,1016.35,81.47,63.65,0.81,0.57,65.68,57.57,1018.38,1014.61,0.0,0.0
2015-05-25,67.98333333333333,55.74,1017.25,76.02,60.45,0.81,0.52,61.59,48.71,1020.56,1013.43,0.42,0.0007
2015-05-24,65.36333333333332,41.57,1022.75,78.61,47.99,0.61,0.33,48.42,32.71,1025.08,1020.09,0.0,0.0
2015-05-23,51.90208333333334,31.52,1027.26,65.7,35.07,0.74,0.3,36.49,27.18,1030.3,1023.94,0.0,0.0
2015-05-22,51.37791666666667,32.37,1017.91,57.91,42.74,0.73,0.32,39.55,25.33,1026.12,1010.83,0.0,0.0
2015-05-21,56.00875,33.13,1013.3,66.19,46.81,0.56,0.32,39.29,26.19,1016.54,1010.1,0.0,0.0
2015-05-20,49.298333333333325,30.29,1018.24,60.95,39.42,0.76,0.3,33.41,24.2,1020.09,1016.61,0.0,0.0
2015-05-19,58.97249999999999,47.17,1013.65,67.04,47.13,0.83,0.53,60.58,33.45,1017.3,1010.83,0.0,0.0
2015-05-18,68.89583333333333,58.96,1015.49,80.98,59.38,0.81,0.57,67.71,52.26,1019.33,1012.29,0.0,0.0
2015-05-17,64.42916666666666,52.32,1021.04,73.77,55.48,0.83,0.51,55.29,49.24,1022.61,1019.2,0.0,0.0
2015-05-16,63.32375000000001,53.19,1017.72,76.05,54.37,0.87,0.52,57.7,49.44,1020.66,1016.2,0.0,0.0
2015-05-15,53.61708333333333,40.04,1021.0,60.7,47.46,0.78,0.48,49.24,32.41,1025.16,1016.89,0.15,0.0001
2015-05-14,53.4675,31.75,1029.65,64.18,41.88,0.68,0.29,35.17,28.31,1032.42,1025.56,0.0,0.0
2015-05-13,50.53,37.92,1023.94,58.21,44.54,0.87,0.42,45.22,28.97,1029.31,1016.14,0.0,0.0
2015-05-12,58.17666666666668,49.13,1010.64,62.32,52.79,0.94,0.52,57.5,42.24,1015.95,1007.11,0.69,0.0004
2015-05-11,61.356249999999996,57.59,1014.32,68.41,58.13,0.94,0.76,61.03,55.72,1017.73,1008.15,0.84,0.0111
2015-05-10,68.60000000000001,62.54,1017.75,78.92,62.88,0.9,0.65,67.06,58.52,1018.96,1016.23,0.66,0.006
2015-05-09,70.31250000000001,57.24,1017.08,81.26,58.11,0.8,0.47,60.71,51.3,1018.81,1015.97,0.0,0.0
2015-05-08,67.29666666666667,53.25,1017.23,79.53,54.75,0.79,0.47,57.64,48.37,1018.55,1014.99,0.0,0.0
2015-05-07,62.81000000000001,46.43,1020.93,75.39,49.44,0.69,0.44,54.06,38.02,1022.79,1017.85,0.0,0.0
2015-05-06,59.56708333333333,39.48,1024.73,72.14,46.37,0.75,0.29,45.52,35.85,1026.43,1022.22,0.0,0.0
2015-05-05,56.509583333333325,41.64,1024.95,62.8,47.81,0.77,0.39,50.84,35.32,1026.87,1021.62,0.0,0.0
2015-05-04,61.876250000000006,48.21,1017.52,69.58,52.3,0.8,0.46,56.14,41.68,1021.19,1016.6,0.54,0.0004
2015-05-03,62.805,42.6,1016.22,75.59,49.11,0.74,0.33,46.13,39.35,1017.55,1015.1,0.0,0.0
2015-05-02,61.036249999999995,39.44,1015.87,71.38,50.03,0.64,0.3,42.72,37.21,1017.49,1014.29,0.0,0.0
2015-05-01,58.338333333333345,41.49,1015.31,67.43,48.75,0.74,0.4,44.51,36.36,1016.5,1013.89,0.0,0.0
2015-04-30,55.668749999999996,41.26,1009.39,62.49,47.13,0.72,0.49,44.23,37.83,1013.58,1006.5,0.0,0.0
2015-04-29,57.237500000000004,41.13,1009.11,67.61,45.03,0.74,0.42,43.95,37.11,1011.79,1006.7,0.0,0.0
2015-04-28,54.01375000000001,39.99,1014.73,65.35,42.36,0.79,0.44,43.94,36.12,1016.67,1011.71,0.0,0.0
2015-04-27,47.550833333333344,36.88,1011.55,55.95,41.12,0.79,0.52,40.18,34.34,1015.62,1008.6,0.0,0.0
2015-04-26,46.25916666666666,33.26,1009.8,53.64,39.52,0.72,0.5,35.54,29.58,1011.11,1008.79,0.0,0.0
2015-04-25,40.92708333333332,26.62,1013.34,50.84,28.99,0.78,0.43,30.01,21.17,1016.88,1009.19,0.0,0.0
2015-04-24,36.08208333333333,23.79,1015.38,43.23,30.79,0.76,0.47,25.7,21.71,1017.09,1013.59,0.0,0.0
2015-04-23,34.01041666666668,24.54,1009.22,37.21,31.01,0.81,0.59,27.65,21.48,1013.44,1005.69,0.0,0.0
2015-04-22,40.32125000000001,34.0,1002.38,44.7,34.73,0.88,0.66,36.49,29.01,1006.4,1000.74,0.61,0.0012
2015-04-21,45.72875,38.25,1000.99,50.15,39.92,0.87,0.63,44.74,36.36,1003.31,998.3,0.72,0.005
2015-04-20,48.331250000000004,44.76,999.04,56.93,41.14,0.99,0.48,54.02,31.46,1008.57,994.68,0.93,0.0175
2015-04-19,47.81333333333334,28.04,1020.03,55.45,38.11,0.68,0.31,30.36,24.07,1025.61,1009.31,0.0,0.0
2015-04-18,54.8775,36.03,1017.07,65.25,42.66,0.81,0.29,45.2,29.37,1022.48,1014.11,0.0,0.0
2015-04-17,55.69416666666667,45.5,1015.82,66.96,46.38,0.91,0.46,51.08,39.94,1018.43,1013.82,0.64,0.0026
2015-04-16,49.99375,30.71,1025.16,61.67,39.96,0.71,0.32,42.4,24.81,1030.01,1018.85,0.0,0.0
2015-04-15,50.5375,25.51,1027.36,59.89,40.59,0.49,0.29,30.1,19.27,1029.75,1023.94,0.0,0.0
2015-04-14,51.067499999999995,29.94,1021.96,62.5,37.74,0.84,0.23,38.51,20.49,1024.19,1019.81,0.0,0.0
2015-04-13,52.78375,39.5,1016.67,66.87,40.98,0.83,0.42,56.95,32.15,1022.05,1009.01,0.6,0.0042
2015-04-12,49.1225,33.17,1023.22,62.84,33.9,0.79,0.37,38.01,28.09,1025.22,1021.99,0.0,0.0
2015-04-11,43.39291666666667,29.25,1018.24,52.31,37.57,0.74,0.42,30.93,27.06,1022.66,1010.2,0.0,0.0
2015-04-10,48.402499999999996,42.04,1003.03,57.73,43.06,0.97,0.59,51.15,30.71,1010.16,997.0,0.83,0.0135
2015-04-09,39.37208333333333,37.78,1015.96,46.86,34.99,0.99,0.9,46.52,32.76,1021.41,1006.52,0.8,0.006
2015-04-08,36.966249999999995,26.59,1022.06,38.93,34.98,0.93,0.38,35.56,14.74,1027.11,1018.07,0.84,0.019
2015-04-07,39.75875,25.4,1026.31,46.54,34.13,0.8,0.37,29.86,21.25,1027.79,1023.83,0.0,0.0
